country1_code,latitude_1,longitude_1,country2_code,latitude_2,longitude_2,incident_year,incidents_in_year,prediction,prediction_error
IRN,32.0000,53.0000,AUS,-27.0000,133.0000,2020,3,6.028378872707165,3.028378872707165
RUS,60.0000,100.0000,AUS,-27.0000,133.0000,2020,19,20.76888336407981,1.7688833640798087
AUS,-27.0000,133.0000,ISR,31.5000,34.7500,2020,1,2.7473744387685275,1.7473744387685275
USA,38.0000,-97.0000,JOR,31.0000,36.0000,2020,1,3.362136154374654,2.362136154374654
RUS,60.0000,100.0000,GBR,54.0000,-2.0000,2020,20,15.4047889764384,4.5952110235616
AUS,-27.0000,133.0000,CHN,35.0000,105.0000,2020,1,2.393403805842587,1.393403805842587
USA,38.0000,-97.0000,JPN,36.0000,138.0000,2020,5,3.944180036725734,1.0558199632742662
RUS,60.0000,100.0000,BEL,50.8333,4.0000,2020,4,3.97658646633581,0.023413533664189856
IRN,32.0000,53.0000,GBR,54.0000,-2.0000,2020,5,4.393898943238192,0.6061010567618084
USA,38.0000,-97.0000,JPN,36.0000,138.0000,2020,5,3.944180036725734,1.0558199632742662
IRN,32.0000,53.0000,ISR,31.5000,34.7500,2020,5,7.029852601024136,2.0298526010241362
RUS,60.0000,100.0000,CAN,60.0000,-95.0000,2020,5,8.542875514259308,3.5428755142593076
USA,38.0000,-97.0000,SAU,25.0000,45.0000,2020,1,3.8291417840566107,2.8291417840566107
IRN,32.0000,53.0000,GBR,54.0000,-2.0000,2020,5,4.393898943238192,0.6061010567618084
PRK,37.0000,127.5000,POL,52.0000,20.0000,2020,1,2.5014838577520546,1.5014838577520546
RUS,60.0000,100.0000,FIN,64.0000,26.0000,2020,4,4.216308961770778,0.2163089617707783
IRN,32.0000,53.0000,MLI,17.0000,-4.0000,2020,2,2.336704411199463,0.33670441119946304
IRN,32.0000,53.0000,SGP,1.3667,103.8000,2020,1,1.7688522197826737,0.7688522197826737
RUS,60.0000,100.0000,FRA,46.0000,2.0000,2020,17,16.186167971702112,0.8138320282978881
PRK,37.0000,127.5000,USA,38.0000,-97.0000,2020,10,10.112853308481768,0.11285330848176756
RUS,60.0000,100.0000,GBR,54.0000,-2.0000,2020,20,15.4047889764384,4.5952110235616
RUS,60.0000,100.0000,IDN,-5.0000,120.0000,2020,3,4.364077516088922,1.3640775160889218
RUS,60.0000,100.0000,IND,20.0000,77.0000,2020,18,11.534351212277528,6.465648787722472
IRN,32.0000,53.0000,JPN,36.0000,138.0000,2019,9,16.339962887444802,7.339962887444802
RUS,60.0000,100.0000,IRL,53.0000,-8.0000,2020,3,4.925121960293966,1.925121960293966
RUS,60.0000,100.0000,JPN,36.0000,138.0000,2020,25,25.01082280006755,0.010822800067550986
RUS,60.0000,100.0000,MYS,2.5000,112.5000,2020,3,6.11343151557556,3.1134315155755603
RUS,60.0000,100.0000,NOR,62.0000,10.0000,2020,3,5.918295874255583,2.918295874255583
RUS,60.0000,100.0000,NZL,-41.0000,174.0000,2020,4,6.904337098631615,2.904337098631615
RUS,60.0000,100.0000,OMN,21.0000,57.0000,2020,3,2.5535479475005984,0.44645205249940156
RUS,60.0000,100.0000,PHL,13.0000,122.0000,2020,4,4.279077355380554,0.27907735538055434
RUS,60.0000,100.0000,POL,52.0000,20.0000,2020,4,5.7152156652324155,1.7152156652324155
RUS,60.0000,100.0000,SGP,1.3667,103.8000,2020,6,10.461579374932398,4.461579374932398
RUS,60.0000,100.0000,SWE,62.0000,15.0000,2020,3,6.5053186966455465,3.5053186966455465
RUS,60.0000,100.0000,THA,15.0000,100.0000,2020,3,4.313471235554392,1.3134712355543918
RUS,60.0000,100.0000,TUR,39.0000,35.0000,2020,4,4.767017322136808,0.767017322136808
RUS,60.0000,100.0000,ZAF,-29.0000,24.0000,2020,4,5.772299737486642,1.7722997374866418
RUS,60.0000,100.0000,JPN,36.0000,138.0000,2019,23,30.30540420268056,7.30540420268056
IND,20.0000,77.0000,BGD,24.0000,90.0000,2020,2,2.6579931352703436,0.6579931352703436
IND,20.0000,77.0000,JPN,36.0000,138.0000,2020,2,1.355913864938878,0.644086135061122
IND,20.0000,77.0000,MDV,3.2500,73.0000,2020,2,2.23624648461975,0.23624648461975006
IND,20.0000,77.0000,PAK,30.0000,70.0000,2020,2,2.8446657100502253,0.8446657100502253
IRN,32.0000,53.0000,AUS,-27.0000,133.0000,2019,5,6.670659752066021,1.6706597520660207
RUS,60.0000,100.0000,ESP,40.0000,-4.0000,2018,15,9.204624566143247,5.795375433856753
IRN,32.0000,53.0000,AFG,33.0000,65.0000,2018,4,1.291787999246277,2.708212000753723
IRN,32.0000,53.0000,BRA,-10.0000,-55.0000,2018,2,0.7852628106799218,1.2147371893200782
IRN,32.0000,53.0000,DEU,51.0000,9.0000,2019,2,1.2056275540273864,0.7943724459726136
IRN,32.0000,53.0000,ESP,40.0000,-4.0000,2019,2,1.7157162451138097,0.2842837548861903
RUS,60.0000,100.0000,SGP,1.3667,103.8000,2017,3,5.310769358951909,2.3107693589519087
KHM,13.0000,105.0000,AUS,-27.0000,133.0000,2017,1,2.062945015831282,1.062945015831282
IRN,32.0000,53.0000,ARE,24.0000,54.0000,2017,6,3.239938614612065,2.760061385387935
RUS,60.0000,100.0000,CUB,21.5000,-80.0000,2017,4,2.315203781106405,1.6847962188935952
PRK,37.0000,127.5000,ISR,31.5000,34.7500,2018,3,2.5849541411309707,0.41504585886902934
RUS,60.0000,100.0000,BRA,-10.0000,-55.0000,2016,6,1.8246606474137472,4.175339352586253
IRN,32.0000,53.0000,FRA,46.0000,2.0000,2019,2,1.7888742215025433,0.21112577849745673
IRN,32.0000,53.0000,GRC,39.0000,22.0000,2020,2,1.3605363277046463,0.6394636722953537
IRN,32.0000,53.0000,OMN,21.0000,57.0000,2020,2,1.7620202376166096,0.23797976238339036
KHM,13.0000,105.0000,CHN,35.0000,105.0000,2017,2,1.8612040440981108,0.1387959559018892
CHN,35.0000,105.0000,AUS,-27.0000,133.0000,2018,5,9.158162618724726,4.158162618724726
CHN,35.0000,105.0000,AUS,-27.0000,133.0000,2019,5,4.8123424574623535,0.18765754253764655
PRK,37.0000,127.5000,CHN,35.0000,105.0000,2018,3,3.790353270398998,0.7903532703989979
RUS,60.0000,100.0000,AFG,33.0000,65.0000,2016,5,1.9398435370422416,3.0601564629577584
IRN,32.0000,53.0000,JOR,31.0000,36.0000,2018,5,3.130435619802408,1.869564380197592
IRN,32.0000,53.0000,GBR,54.0000,-2.0000,2019,4,4.901132316733977,0.9011323167339773
IRN,32.0000,53.0000,ITA,42.8333,12.8333,2019,2,1.4403222735295484,0.5596777264704516
CHN,35.0000,105.0000,MLI,17.0000,-4.0000,2014,3,5.880572106202695,2.8805721062026954
CHN,35.0000,105.0000,IDN,-5.0000,120.0000,2018,7,4.581158771534001,2.4188412284659986
CHN,35.0000,105.0000,AUS,-27.0000,133.0000,2017,7,8.430491262605587,1.430491262605587
PRK,37.0000,127.5000,USA,38.0000,-97.0000,2017,9,7.358739560042749,1.641260439957251
CHN,35.0000,105.0000,AUS,-27.0000,133.0000,2020,13,8.690948276965324,4.309051723034676
CHN,35.0000,105.0000,CAN,60.0000,-95.0000,2020,5,5.575337147328838,0.5753371473288382
CHN,35.0000,105.0000,CHE,47.0000,8.0000,2020,4,5.501123154332832,1.5011231543328316
CHN,35.0000,105.0000,DNK,56.0000,10.0000,2020,5,2.5026333897351214,2.4973666102648786
CHN,35.0000,105.0000,FIN,64.0000,26.0000,2020,7,2.5414531492380545,4.4585468507619455
CHN,35.0000,105.0000,FRA,46.0000,2.0000,2020,10,9.113484677057635,0.8865153229423655
CHN,35.0000,105.0000,IND,20.0000,77.0000,2020,10,8.108875692470868,1.8911243075291324
CHN,35.0000,105.0000,ITA,42.8333,12.8333,2020,8,7.782069401991485,0.21793059800851466
CHN,35.0000,105.0000,JPN,36.0000,138.0000,2020,15,18.8479164676482,3.8479164676482007
CHN,35.0000,105.0000,MEX,23.0000,-102.0000,2020,3,2.4995331699398213,0.5004668300601787
CHN,35.0000,105.0000,MYS,2.5000,112.5000,2020,7,3.85969627717443,3.14030372282557
CHN,35.0000,105.0000,PHL,13.0000,122.0000,2020,7,4.77642789808028,2.2235721019197197
CHN,35.0000,105.0000,POL,52.0000,20.0000,2020,8,4.01813135356325,3.98186864643675
CHN,35.0000,105.0000,QAT,25.5000,51.2500,2020,3,2.2243824130414307,0.7756175869585693
CHN,35.0000,105.0000,SAU,25.0000,45.0000,2020,4,5.209174120564532,1.2091741205645317
CHN,35.0000,105.0000,SGP,1.3667,103.8000,2020,5,1.2528871433411446,3.7471128566588554
CHN,35.0000,105.0000,SWE,62.0000,15.0000,2020,5,4.286633582349951,0.7133664176500494
KHM,13.0000,105.0000,JPN,36.0000,138.0000,2017,3,1.4013046224324537,1.5986953775675463
IRN,32.0000,53.0000,IND,20.0000,77.0000,2017,5,3.1427109211090674,1.8572890788909326
PRK,37.0000,127.5000,CHN,35.0000,105.0000,2017,3,5.28153192778114,2.28153192778114
CHN,35.0000,105.0000,CAN,60.0000,-95.0000,2019,2,4.079365780810221,2.079365780810221
CHN,35.0000,105.0000,USA,38.0000,-97.0000,2018,18,12.783414212823532,5.216585787176468
CHN,35.0000,105.0000,NOR,62.0000,10.0000,2019,3,4.505202388325131,1.5052023883251309
CHN,35.0000,105.0000,JPN,36.0000,138.0000,2020,15,18.8479164676482,3.8479164676482007
CHN,35.0000,105.0000,POL,52.0000,20.0000,2020,8,4.01813135356325,3.98186864643675
KHM,13.0000,105.0000,AFG,33.0000,65.0000,2020,1,1.7180211166375257,0.7180211166375257
KHM,13.0000,105.0000,CHN,35.0000,105.0000,2020,2,2.0657089220409297,0.06570892204092971
KHM,13.0000,105.0000,JPN,36.0000,138.0000,2020,2,1.348972730192151,0.651027269807849
RUS,60.0000,100.0000,CAN,60.0000,-95.0000,2016,6,3.6083785832600634,2.3916214167399366
RUS,60.0000,100.0000,CHN,35.0000,105.0000,2017,10,13.349783041441171,3.349783041441171
PRK,37.0000,127.5000,USA,38.0000,-97.0000,2020,10,10.112853308481768,0.11285330848176756
PRK,37.0000,127.5000,USA,38.0000,-97.0000,2018,10,10.772596897922183,0.7725968979221829
PRK,37.0000,127.5000,CHN,35.0000,105.0000,2019,3,4.68429925888992,1.6842992588899204
PRK,37.0000,127.5000,GBR,54.0000,-2.0000,2019,5,2.4064716586416823,2.5935283413583177
IRN,32.0000,53.0000,PAK,30.0000,70.0000,2018,6,4.148373772120825,1.8516262278791746
IRN,32.0000,53.0000,BHR,26.0000,50.5500,2018,3,1.9946814649240192,1.0053185350759808
COL,4.0000,-72.0000,BRA,-10.0000,-55.0000,2019,1,1.9260683296480652,0.9260683296480652
JPN,36.0000,138.0000,CHN,35.0000,105.0000,2013,1,1.161923216827205,0.1619232168272049
CHN,35.0000,105.0000,USA,38.0000,-97.0000,2011,4,6.891977308843708,2.8919773088437077
CHN,35.0000,105.0000,JPN,36.0000,138.0000,2013,6,11.170550806674619,5.170550806674619
IRN,32.0000,53.0000,KWT,29.3375,47.6581,2018,1,3.0966043531215135,2.0966043531215135
RUS,60.0000,100.0000,EST,59.0000,26.0000,2020,16,9.591903250776085,6.408096749223915
RUS,60.0000,100.0000,JPN,36.0000,138.0000,2020,25,25.01082280006755,0.010822800067550986
RUS,60.0000,100.0000,LBN,33.8333,35.8333,2020,2,2.0084920490228644,0.008492049022864379
RUS,60.0000,100.0000,SGP,1.3667,103.8000,2020,6,10.461579374932398,4.461579374932398
CHN,35.0000,105.0000,ARG,-34.0000,-64.0000,2018,2,1.4948275572795149,0.5051724427204851
PRK,37.0000,127.5000,AUS,-27.0000,133.0000,2019,6,4.799314528329377,1.2006854716706226
RUS,60.0000,100.0000,AUS,-27.0000,133.0000,2020,19,20.76888336407981,1.7688833640798087
RUS,60.0000,100.0000,JPN,36.0000,138.0000,2020,25,25.01082280006755,0.010822800067550986
RUS,60.0000,100.0000,SGP,1.3667,103.8000,2020,6,10.461579374932398,4.461579374932398
RUS,60.0000,100.0000,ZAF,-29.0000,24.0000,2020,4,5.772299737486642,1.7722997374866418
KHM,13.0000,105.0000,PHL,13.0000,122.0000,2017,2,1.8699570700935375,0.1300429299064625
PRK,37.0000,127.5000,CAN,60.0000,-95.0000,2019,2,0.5487510469908621,1.451248953009138
RUS,60.0000,100.0000,AFG,33.0000,65.0000,2020,1,3.0073369726912844,2.0073369726912844
RUS,60.0000,100.0000,CHN,35.0000,105.0000,2020,6,6.77867409798369,0.7786740979836901
RUS,60.0000,100.0000,JPN,36.0000,138.0000,2020,25,25.01082280006755,0.010822800067550986
KHM,13.0000,105.0000,CHN,35.0000,105.0000,2020,2,2.0657089220409297,0.06570892204092971
KHM,13.0000,105.0000,JPN,36.0000,138.0000,2020,2,1.348972730192151,0.651027269807849
KHM,13.0000,105.0000,MLI,17.0000,-4.0000,2020,1,2.4925759313122673,1.4925759313122673
PRK,37.0000,127.5000,USA,38.0000,-97.0000,2020,10,10.112853308481768,0.11285330848176756
IRN,32.0000,53.0000,EGY,27.0000,30.0000,2017,3,2.203149775718267,0.7968502242817328
RUS,60.0000,100.0000,AUS,-27.0000,133.0000,2018,11,14.38467125947609,3.3846712594760895
JPN,36.0000,138.0000,CHN,35.0000,105.0000,2014,1,1.984414951616766,0.984414951616766
USA,38.0000,-97.0000,JPN,36.0000,138.0000,2020,5,3.944180036725734,1.0558199632742662
USA,38.0000,-97.0000,MLI,17.0000,-4.0000,2020,1,2.7007439766174715,1.7007439766174715
IRN,32.0000,53.0000,IRQ,33.0000,44.0000,2014,1,1.5295914894911782,0.5295914894911782
CHN,35.0000,105.0000,JPN,36.0000,138.0000,2014,23,15.550433438362326,7.449566561637674
CHN,35.0000,105.0000,SAU,25.0000,45.0000,2015,2,2.802330237249377,0.802330237249377
CHN,35.0000,105.0000,DEU,51.0000,9.0000,2017,4,9.484594122831892,5.484594122831892
CHN,35.0000,105.0000,AUT,47.3333,13.3333,2019,3,1.9542855334709746,1.0457144665290254
JPN,36.0000,138.0000,IND,20.0000,77.0000,2017,1,1.7772738170203315,0.7772738170203315
CHN,35.0000,105.0000,JPN,36.0000,138.0000,2018,17,13.185225191576329,3.814774808423671
CHN,35.0000,105.0000,CHE,47.0000,8.0000,2019,4,5.328495916874474,1.3284959168744743
RUS,60.0000,100.0000,ISR,31.5000,34.7500,2018,5,6.174641835583541,1.1746418355835413
IRN,32.0000,53.0000,SAU,25.0000,45.0000,2018,7,12.874550066988986,5.874550066988986
IRN,32.0000,53.0000,UKR,49.0000,32.0000,2020,1,2.1320377781271516,1.1320377781271516
CHN,35.0000,105.0000,AUS,-27.0000,133.0000,2020,13,8.690948276965324,4.309051723034676
KOR,37.0000,127.5000,BGD,24.0000,90.0000,2015,3,0.8865359572402287,2.1134640427597713
CHN,35.0000,105.0000,THA,15.0000,100.0000,2018,5,3.2319348436458952,1.7680651563541048
RUS,60.0000,100.0000,MLI,17.0000,-4.0000,2020,11,13.652691875874275,2.6526918758742752
PRK,37.0000,127.5000,USA,38.0000,-97.0000,2020,10,10.112853308481768,0.11285330848176756
PRK,37.0000,127.5000,IND,20.0000,77.0000,2017,5,5.4733364028509985,0.47333640285099854
CHN,35.0000,105.0000,ESP,40.0000,-4.0000,2017,2,3.181523601532522,1.181523601532522
IRN,32.0000,53.0000,IRQ,33.0000,44.0000,2017,6,4.15365667667194,1.8463433233280604
RUS,60.0000,100.0000,JPN,36.0000,138.0000,2020,25,25.01082280006755,0.010822800067550986
USA,38.0000,-97.0000,JPN,36.0000,138.0000,2019,2,3.9789183213951063,1.9789183213951063
USA,38.0000,-97.0000,MLI,17.0000,-4.0000,2019,1,3.23824921591023,2.23824921591023
USA,38.0000,-97.0000,CHN,35.0000,105.0000,2013,2,1.161923216827205,0.8380767831727951
SAU,25.0000,45.0000,USA,38.0000,-97.0000,2019,1,1.5503864177383218,0.5503864177383218
USA,38.0000,-97.0000,BGR,43.0000,25.0000,2013,1,0.9413222532288206,0.05867774677117943
JPN,36.0000,138.0000,CHN,35.0000,105.0000,2020,1,3.4008592609498147,2.4008592609498147
RUS,60.0000,100.0000,JPN,36.0000,138.0000,2020,25,25.01082280006755,0.010822800067550986
SAU,25.0000,45.0000,JPN,36.0000,138.0000,2018,1,1.5559414571439856,0.5559414571439856
RUS,60.0000,100.0000,MLI,17.0000,-4.0000,2020,11,13.652691875874275,2.6526918758742752
AFG,33.0000,65.0000,IND,20.0000,77.0000,2020,2,2.011413908711127,0.011413908711126908
AFG,33.0000,65.0000,PAK,30.0000,70.0000,2020,3,2.3384257273161877,0.6615742726838123
ARG,-34.0000,-64.0000,CAN,60.0000,-95.0000,2018,1,0.17685080229285965,0.8231491977071403
RUS,60.0000,100.0000,ALB,41.0000,20.0000,2015,2,1.0045955018709467,0.9954044981290533
CHN,35.0000,105.0000,NOR,62.0000,10.0000,2012,1,1.7501924530895625,0.7501924530895625
USA,38.0000,-97.0000,AUS,-27.0000,133.0000,2020,2,3.109264617788291,1.1092646177882912
USA,38.0000,-97.0000,BEL,50.8333,4.0000,2020,1,3.2488060088545714,2.2488060088545714
USA,38.0000,-97.0000,CHN,35.0000,105.0000,2020,1,2.426502725088705,1.4265027250887048
USA,38.0000,-97.0000,EST,59.0000,26.0000,2020,2,2.9514705000894295,0.9514705000894295
USA,38.0000,-97.0000,FRA,46.0000,2.0000,2020,2,3.6564407528753606,1.6564407528753606
USA,38.0000,-97.0000,BLR,53.0000,28.0000,2014,1,0.7942549441632316,0.2057450558367684
USA,38.0000,-97.0000,IND,20.0000,77.0000,2020,2,3.936218123216077,1.9362181232160771
USA,38.0000,-97.0000,ISR,31.5000,34.7500,2020,2,4.252768518522478,2.252768518522478
USA,38.0000,-97.0000,ITA,42.8333,12.8333,2020,2,3.7104873509538017,1.7104873509538017
USA,38.0000,-97.0000,JPN,36.0000,138.0000,2020,5,3.944180036725734,1.0558199632742662
USA,38.0000,-97.0000,PER,-10.0000,-76.0000,2020,1,1.6391836226058256,0.6391836226058256
USA,38.0000,-97.0000,ZAF,-29.0000,24.0000,2020,1,1.8992453030913046,0.8992453030913046
CHN,35.0000,105.0000,AUS,-27.0000,133.0000,2020,13,8.690948276965324,4.309051723034676
CHN,35.0000,105.0000,DEU,51.0000,9.0000,2020,8,9.511552337559332,1.5115523375593316
CHN,35.0000,105.0000,ESP,40.0000,-4.0000,2020,6,5.828425970529216,0.1715740294707837
ARG,-34.0000,-64.0000,JPN,36.0000,138.0000,2018,1,0.14118986871303907,0.8588101312869609
CHN,35.0000,105.0000,FRA,46.0000,2.0000,2020,10,9.113484677057635,0.8865153229423655
CHN,35.0000,105.0000,GBR,54.0000,-2.0000,2020,9,6.765830200594168,2.234169799405832
CHN,35.0000,105.0000,BEL,50.8333,4.0000,2019,3,4.107429963728535,1.107429963728535
RUS,60.0000,100.0000,AUS,-27.0000,133.0000,2020,19,20.76888336407981,1.7688833640798087
CHN,35.0000,105.0000,ITA,42.8333,12.8333,2020,8,7.782069401991485,0.21793059800851466
CHN,35.0000,105.0000,JPN,36.0000,138.0000,2020,15,18.8479164676482,3.8479164676482007
CHN,35.0000,105.0000,MMR,22.0000,98.0000,2020,3,2.0026256815704766,0.9973743184295234
CHN,35.0000,105.0000,USA,38.0000,-97.0000,2020,13,14.10872275094993,1.10872275094993
IRN,32.0000,53.0000,TUR,39.0000,35.0000,2018,9,4.2781256065882864,4.7218743934117136
IRN,32.0000,53.0000,ISR,31.5000,34.7500,2019,3,7.294425646951519,4.294425646951519
RUS,60.0000,100.0000,JOR,31.0000,36.0000,2019,2,2.8222441772277715,0.8222441772277715
CHN,35.0000,105.0000,AUS,-27.0000,133.0000,2020,13,8.690948276965324,4.309051723034676
RUS,60.0000,100.0000,JOR,31.0000,36.0000,2018,2,4.118874812721403,2.118874812721403
RUS,60.0000,100.0000,AUT,47.3333,13.3333,2018,2,3.222149153137612,1.2221491531376119
ARG,-34.0000,-64.0000,SGP,1.3667,103.8000,2018,1,0.9369600850315614,0.06303991496843864
KOR,37.0000,127.5000,USA,38.0000,-97.0000,2016,3,1.259016192969594,1.740983807030406
RUS,60.0000,100.0000,JPN,36.0000,138.0000,2020,25,25.01082280006755,0.010822800067550986
CHN,35.0000,105.0000,FRA,46.0000,2.0000,2017,8,6.030383176867886,1.9696168231321138
PRK,37.0000,127.5000,JPN,36.0000,138.0000,2017,3,5.4643550104240735,2.4643550104240735
CHN,35.0000,105.0000,FRA,46.0000,2.0000,2017,8,6.030383176867886,1.9696168231321138
RUS,60.0000,100.0000,BEL,50.8333,4.0000,2018,3,0.48028854326478765,2.5197114567352124
SAU,25.0000,45.0000,USA,38.0000,-97.0000,2020,3,4.2903936832856395,1.2903936832856395
KOR,37.0000,127.5000,CHN,35.0000,105.0000,2016,2,4.013132067427391,2.0131320674273914
RUS,60.0000,100.0000,MLI,17.0000,-4.0000,2019,8,10.384867014120477,2.384867014120477
USA,38.0000,-97.0000,UKR,49.0000,32.0000,2019,1,1.960931743349219,0.960931743349219
CHN,35.0000,105.0000,MNG,46.0000,105.0000,2018,5,4.110778497094097,0.8892215029059027
RUS,60.0000,100.0000,BGR,43.0000,25.0000,2018,3,1.9729206607345349,1.0270793392654651
IRN,32.0000,53.0000,BEL,50.8333,4.0000,2017,1,1.4259688688150503,0.42596886881505025
USA,38.0000,-97.0000,AUS,-27.0000,133.0000,2018,1,2.2193612201163653,1.2193612201163653
VNM,16.0000,106.0000,CHN,35.0000,105.0000,2020,3,5.149237891820256,2.149237891820256
VNM,16.0000,106.0000,JPN,36.0000,138.0000,2020,4,2.718406948346209,1.281593051653791
PAK,30.0000,70.0000,BGD,24.0000,90.0000,2018,2,1.6320887115495841,0.3679112884504159
KHM,13.0000,105.0000,IND,20.0000,77.0000,2017,1,2.6674118280211534,1.6674118280211534
RUS,60.0000,100.0000,JPN,36.0000,138.0000,2020,25,25.01082280006755,0.010822800067550986
RUS,60.0000,100.0000,MLI,17.0000,-4.0000,2020,11,13.652691875874275,2.6526918758742752
CHN,35.0000,105.0000,AUS,-27.0000,133.0000,2020,13,8.690948276965324,4.309051723034676
CHN,35.0000,105.0000,CAN,60.0000,-95.0000,2020,5,5.575337147328838,0.5753371473288382
CHN,35.0000,105.0000,CHE,47.0000,8.0000,2020,4,5.501123154332832,1.5011231543328316
CHN,35.0000,105.0000,DNK,56.0000,10.0000,2020,5,2.5026333897351214,2.4973666102648786
CHN,35.0000,105.0000,FIN,64.0000,26.0000,2020,7,2.5414531492380545,4.4585468507619455
CHN,35.0000,105.0000,FRA,46.0000,2.0000,2020,10,9.113484677057635,0.8865153229423655
CHN,35.0000,105.0000,IND,20.0000,77.0000,2020,10,8.108875692470868,1.8911243075291324
CHN,35.0000,105.0000,ITA,42.8333,12.8333,2020,8,7.782069401991485,0.21793059800851466
CHN,35.0000,105.0000,JPN,36.0000,138.0000,2020,15,18.8479164676482,3.8479164676482007
CHN,35.0000,105.0000,MEX,23.0000,-102.0000,2020,3,2.4995331699398213,0.5004668300601787
CHN,35.0000,105.0000,MYS,2.5000,112.5000,2020,7,3.85969627717443,3.14030372282557
VNM,16.0000,106.0000,JPN,36.0000,138.0000,2018,2,2.4027409210068837,0.40274092100688375
CHN,35.0000,105.0000,PHL,13.0000,122.0000,2020,7,4.77642789808028,2.2235721019197197
PAK,30.0000,70.0000,CHE,47.0000,8.0000,2018,2,1.453864683101016,0.546135316898984
CHN,35.0000,105.0000,POL,52.0000,20.0000,2020,8,4.01813135356325,3.98186864643675
CHN,35.0000,105.0000,QAT,25.5000,51.2500,2020,3,2.2243824130414307,0.7756175869585693
CHN,35.0000,105.0000,SAU,25.0000,45.0000,2020,4,5.209174120564532,1.2091741205645317
CHN,35.0000,105.0000,SGP,1.3667,103.8000,2020,5,1.2528871433411446,3.7471128566588554
CHN,35.0000,105.0000,SWE,62.0000,15.0000,2020,5,4.286633582349951,0.7133664176500494
CHN,35.0000,105.0000,MMR,22.0000,98.0000,2015,6,2.666009400974609,3.333990599025391
IND,20.0000,77.0000,AFG,33.0000,65.0000,2018,2,1.3203860301374206,0.6796139698625794
AFG,33.0000,65.0000,EGY,27.0000,30.0000,2018,1,0.4231813862469904,0.5768186137530096
VNM,16.0000,106.0000,AUS,-27.0000,133.0000,2019,2,2.0544877054164035,0.054487705416403465
CHN,35.0000,105.0000,KEN,1.0000,38.0000,2012,1,1.014855907761616,0.014855907761615939
PAK,30.0000,70.0000,ESP,40.0000,-4.0000,2018,2,2.506830259834592,0.506830259834592
CHN,35.0000,105.0000,DNK,56.0000,10.0000,2020,5,2.5026333897351214,2.4973666102648786
CHN,35.0000,105.0000,FIN,64.0000,26.0000,2020,7,2.5414531492380545,4.4585468507619455
CHN,35.0000,105.0000,NOR,62.0000,10.0000,2020,6,4.929710393455836,1.070289606544164
RUS,60.0000,100.0000,BLR,53.0000,28.0000,2018,3,0.5195741214313268,2.4804258785686732
CHN,35.0000,105.0000,POL,52.0000,20.0000,2020,8,4.01813135356325,3.98186864643675
AFG,33.0000,65.0000,IND,20.0000,77.0000,2018,1,1.1735466998467645,0.17354669984676452
RUS,60.0000,100.0000,GEO,42.0000,43.5000,2015,2,2.220314278739254,0.22031427873925402
VNM,16.0000,106.0000,PHL,13.0000,122.0000,2018,2,3.2791579907011847,1.2791579907011847
AFG,33.0000,65.0000,MLI,17.0000,-4.0000,2020,1,2.108098297695569,1.1080982976955691
AFG,33.0000,65.0000,PAK,30.0000,70.0000,2020,3,2.3384257273161877,0.6615742726838123
AFG,33.0000,65.0000,POL,52.0000,20.0000,2020,1,2.3878713794951256,1.3878713794951256
RUS,60.0000,100.0000,CYP,35.0000,33.0000,2018,2,0.22091037226702426,1.7790896277329757
AFG,33.0000,65.0000,ISR,31.5000,34.7500,2018,1,1.980017732236857,0.9800177322368571
KOR,37.0000,127.5000,CAN,60.0000,-95.0000,2015,3,0.848452906475945,2.151547093524055
IND,20.0000,77.0000,CHN,35.0000,105.0000,2018,2,1.572027870697152,0.427972129302848
CHN,35.0000,105.0000,AUT,47.3333,13.3333,2020,2,3.82764478164083,1.82764478164083
CHN,35.0000,105.0000,COL,4.0000,-72.0000,2020,2,2.0181022309497196,0.018102230949719633
CHN,35.0000,105.0000,IRL,53.0000,-8.0000,2020,4,3.0325300843411447,0.9674699156588553
CHN,35.0000,105.0000,JPN,36.0000,138.0000,2020,15,18.8479164676482,3.8479164676482007
CHN,35.0000,105.0000,USA,38.0000,-97.0000,2020,13,14.10872275094993,1.10872275094993
IND,20.0000,77.0000,JPN,36.0000,138.0000,2018,4,1.4105664017441901,2.58943359825581
VNM,16.0000,106.0000,CHN,35.0000,105.0000,2020,3,5.149237891820256,2.149237891820256
VNM,16.0000,106.0000,JPN,36.0000,138.0000,2020,4,2.718406948346209,1.281593051653791
VNM,16.0000,106.0000,KHM,13.0000,105.0000,2020,2,2.3996423356801255,0.3996423356801255
VNM,16.0000,106.0000,NPL,28.0000,84.0000,2020,1,1.9498733564055692,0.9498733564055692
VNM,16.0000,106.0000,PHL,13.0000,122.0000,2020,2,2.55976785634525,0.5597678563452502
VNM,16.0000,106.0000,THA,15.0000,100.0000,2020,2,3.5650920722738526,1.5650920722738526
USA,38.0000,-97.0000,BEL,50.8333,4.0000,2018,1,2.6211967122222153,1.6211967122222153
AFG,33.0000,65.0000,LBN,33.8333,35.8333,2018,1,1.3323850794294678,0.3323850794294678
RUS,60.0000,100.0000,NOR,62.0000,10.0000,2017,2,3.91100731837755,1.9110073183775498
BEL,50.8333,4.0000,RWA,-2.0000,30.0000,2016,1,0.9152448174037744,0.08475518259622561
BEL,50.8333,4.0000,CHN,35.0000,105.0000,2016,1,0.8193977187681067,0.18060228123189326
USA,38.0000,-97.0000,EGY,27.0000,30.0000,2013,1,1.014855907761616,0.014855907761615939
AFG,33.0000,65.0000,MYS,2.5000,112.5000,2018,1,2.1185220772489712,1.1185220772489712
VNM,16.0000,106.0000,CHN,35.0000,105.0000,2019,3,1.74671759666579,1.25328240333421
VNM,16.0000,106.0000,DEU,51.0000,9.0000,2019,2,1.7104437027484058,0.28955629725159415
VNM,16.0000,106.0000,ESP,40.0000,-4.0000,2019,2,1.5226045146579477,0.47739548534205234
VNM,16.0000,106.0000,FRA,46.0000,2.0000,2019,2,2.7155520882919055,0.7155520882919055
CHN,35.0000,105.0000,IND,20.0000,77.0000,2016,11,8.895954013159336,2.1040459868406636
VNM,16.0000,106.0000,GBR,54.0000,-2.0000,2019,2,1.0243884918000647,0.9756115081999353
VNM,16.0000,106.0000,ITA,42.8333,12.8333,2019,2,0.911812542742549,1.088187457257451
RUS,60.0000,100.0000,MYS,2.5000,112.5000,2018,3,5.727670615999884,2.727670615999884
SAS,20.0000,77.0000,CHN,35.0000,105.0000,2019,1,2.331268400734636,1.3312684007346358
BRA,-10.0000,-55.0000,ARE,24.0000,54.0000,2016,1,0.8443292445327746,0.15567075546722542
CHN,35.0000,105.0000,BLR,53.0000,28.0000,2013,2,1.306205045122053,0.693794954877947
RUS,60.0000,100.0000,DEU,51.0000,9.0000,2018,12,10.74967477490018,1.2503252250998198
SAS,20.0000,77.0000,IND,20.0000,77.0000,2019,1,2.023093032085569,1.0230930320855691
PAK,30.0000,70.0000,GBR,54.0000,-2.0000,2018,2,1.447754044351262,0.552245955648738
CHN,35.0000,105.0000,GBR,54.0000,-2.0000,2017,3,3.4713085232895597,0.47130852328955974
RUS,60.0000,100.0000,DNK,56.0000,10.0000,2018,2,1.179955256248606,0.820044743751394
SAS,20.0000,77.0000,PAK,30.0000,70.0000,2019,1,2.811914251269272,1.8119142512692719
SAS,20.0000,77.0000,SAU,25.0000,45.0000,2019,1,1.3850985141410828,0.38509851414108276
SAS,20.0000,77.0000,USA,38.0000,-97.0000,2019,1,0.9528519372649367,0.047148062735063334
RUS,60.0000,100.0000,PAK,30.0000,70.0000,2015,2,1.1158329603273112,0.8841670396726888
UKR,49.0000,32.0000,AUS,-27.0000,133.0000,2020,1,2.705056136883673,1.7050561368836732
UKR,49.0000,32.0000,DEU,51.0000,9.0000,2020,1,1.407195494850626,0.407195494850626
UKR,49.0000,32.0000,ESP,40.0000,-4.0000,2020,1,1.3577290199009342,0.3577290199009342
UKR,49.0000,32.0000,EST,59.0000,26.0000,2020,1,1.6191441684915917,0.6191441684915917
UKR,49.0000,32.0000,FRA,46.0000,2.0000,2020,1,1.1096067631903992,0.10960676319039919
UKR,49.0000,32.0000,GBR,54.0000,-2.0000,2020,1,2.0402609261291422,1.0402609261291422
UKR,49.0000,32.0000,IND,20.0000,77.0000,2020,1,0.39882241956704956,0.6011775804329504
UKR,49.0000,32.0000,ISR,31.5000,34.7500,2020,1,1.5694598873025472,0.5694598873025472
UKR,49.0000,32.0000,ITA,42.8333,12.8333,2020,1,2.2043752130862204,1.2043752130862204
UKR,49.0000,32.0000,JPN,36.0000,138.0000,2020,1,1.1515075821359568,0.15150758213595683
UKR,49.0000,32.0000,USA,38.0000,-97.0000,2020,1,2.3782404785305116,1.3782404785305116
IRN,32.0000,53.0000,JPN,36.0000,138.0000,2020,4,8.590683099004785,4.590683099004785
BEL,50.8333,4.0000,SWE,62.0000,15.0000,2016,1,0.7625357664295249,0.23746423357047508
VNM,16.0000,106.0000,KHM,13.0000,105.0000,2017,2,2.5399416450364534,0.5399416450364534
USA,38.0000,-97.0000,IND,20.0000,77.0000,2014,1,1.3825241804255892,0.3825241804255892
CHN,35.0000,105.0000,ISR,31.5000,34.7500,2017,1,1.787997560061898,0.787997560061898
CHN,35.0000,105.0000,BLR,53.0000,28.0000,2020,2,2.483900624168375,0.483900624168375
CHN,35.0000,105.0000,BRA,-10.0000,-55.0000,2020,2,2.628618001726152,0.628618001726152
CHN,35.0000,105.0000,DEU,51.0000,9.0000,2020,8,9.511552337559332,1.5115523375593316
CHN,35.0000,105.0000,IND,20.0000,77.0000,2020,10,8.108875692470868,1.8911243075291324
CHN,35.0000,105.0000,JPN,36.0000,138.0000,2020,15,18.8479164676482,3.8479164676482007
CHN,35.0000,105.0000,MLI,17.0000,-4.0000,2020,8,8.018030206626463,0.01803020662646304
CHN,35.0000,105.0000,MNG,46.0000,105.0000,2020,7,7.077167442636872,0.07716744263687225
CHN,35.0000,105.0000,NLD,52.5000,5.7500,2020,2,3.073793041128232,1.0737930411282322
CHN,35.0000,105.0000,ITA,42.8333,12.8333,2017,2,4.147038744571996,2.1470387445719963
CHN,35.0000,105.0000,USA,38.0000,-97.0000,2020,13,14.10872275094993,1.10872275094993
USA,38.0000,-97.0000,FRA,46.0000,2.0000,2018,2,1.3040265293070137,0.6959734706929863
IND,20.0000,77.0000,USA,38.0000,-97.0000,2018,2,1.3551240867442402,0.6448759132557598
RUS,60.0000,100.0000,MLI,17.0000,-4.0000,2020,11,13.652691875874275,2.6526918758742752
BRA,-10.0000,-55.0000,FRA,46.0000,2.0000,2016,1,0.8877901452449084,0.1122098547550916
AFG,33.0000,65.0000,PAK,30.0000,70.0000,2018,1,1.82573489743515,0.8257348974351499
AFG,33.0000,65.0000,IND,20.0000,77.0000,2020,2,2.011413908711127,0.011413908711126908
AFG,33.0000,65.0000,PAK,30.0000,70.0000,2020,3,2.3384257273161877,0.6615742726838123
CHN,35.0000,105.0000,AUS,-27.0000,133.0000,2020,13,8.690948276965324,4.309051723034676
CHN,35.0000,105.0000,DEU,51.0000,9.0000,2020,8,9.511552337559332,1.5115523375593316
CHN,35.0000,105.0000,ESP,40.0000,-4.0000,2020,6,5.828425970529216,0.1715740294707837
CHN,35.0000,105.0000,EST,59.0000,26.0000,2020,3,4.05964893371061,1.0596489337106103
CHN,35.0000,105.0000,FRA,46.0000,2.0000,2020,10,9.113484677057635,0.8865153229423655
CHN,35.0000,105.0000,GBR,54.0000,-2.0000,2020,9,6.765830200594168,2.234169799405832
CHN,35.0000,105.0000,IND,20.0000,77.0000,2020,10,8.108875692470868,1.8911243075291324
CHN,35.0000,105.0000,ISR,31.5000,34.7500,2020,3,4.061197767459408,1.061197767459408
ARE,24.0000,54.0000,BHR,26.0000,50.5500,2016,1,0.9185491734514608,0.08145082654853919
CHN,35.0000,105.0000,ITA,42.8333,12.8333,2020,8,7.782069401991485,0.21793059800851466
CHN,35.0000,105.0000,JPN,36.0000,138.0000,2020,15,18.8479164676482,3.8479164676482007
CHN,35.0000,105.0000,USA,38.0000,-97.0000,2020,13,14.10872275094993,1.10872275094993
PAK,30.0000,70.0000,IND,20.0000,77.0000,2018,2,2.2356336238434356,0.23563362384343556
AFG,33.0000,65.0000,PHL,13.0000,122.0000,2018,1,1.9311776565849366,0.9311776565849366
CHN,35.0000,105.0000,CAN,60.0000,-95.0000,2012,1,3.013886115075892,2.013886115075892
PAK,30.0000,70.0000,JPN,36.0000,138.0000,2018,2,1.760821888321729,0.23917811167827097
AFG,33.0000,65.0000,TUR,39.0000,35.0000,2018,1,1.4069413746981727,0.4069413746981727
BEL,50.8333,4.0000,USA,38.0000,-97.0000,2016,1,0.8681100755255944,0.13188992447440562
SAS,20.0000,77.0000,GBR,54.0000,-2.0000,2016,1,0.9949215799683833,0.005078420031616737
USA,38.0000,-97.0000,EST,59.0000,26.0000,2018,1,1.145040265901291,0.14504026590129104
UKR,49.0000,32.0000,RUS,60.0000,100.0000,2020,1,3.24235288729135,2.24235288729135
RUS,60.0000,100.0000,CHN,35.0000,105.0000,2020,6,6.77867409798369,0.7786740979836901
RUS,60.0000,100.0000,NPL,28.0000,84.0000,2020,1,2.1974586678523518,1.1974586678523518
RUS,60.0000,100.0000,PHL,13.0000,122.0000,2020,4,4.279077355380554,0.27907735538055434
USA,38.0000,-97.0000,BRA,-10.0000,-55.0000,2018,2,1.2610057880241072,0.7389942119758928
CHN,35.0000,105.0000,TUR,39.0000,35.0000,2011,1,1.6766587985567671,0.6766587985567671
RUS,60.0000,100.0000,SDN,15.0000,30.0000,2017,2,3.6144505126510147,1.6144505126510147
CHN,35.0000,105.0000,BRA,-10.0000,-55.0000,2013,2,1.3769532188841058,0.6230467811158942
USA,38.0000,-97.0000,ISR,31.5000,34.7500,2013,1,1.3825241804255892,0.3825241804255892
CHN,35.0000,105.0000,JPN,36.0000,138.0000,2007,1,10.647764651557718,9.647764651557718
BRA,-10.0000,-55.0000,IND,20.0000,77.0000,2016,1,1.00278954677393,0.002789546773930063
RUS,60.0000,100.0000,GBR,54.0000,-2.0000,2020,20,15.4047889764384,4.5952110235616
RUS,60.0000,100.0000,MLI,17.0000,-4.0000,2020,11,13.652691875874275,2.6526918758742752
UKR,49.0000,32.0000,CAN,60.0000,-95.0000,2020,1,1.723989620591622,0.7239896205916221
CHN,35.0000,105.0000,JPN,36.0000,138.0000,2020,15,18.8479164676482,3.8479164676482007
GEO,42.0000,43.5000,USA,38.0000,-97.0000,2019,1,1.0922789975041605,0.09227899750416046
CHN,35.0000,105.0000,AUS,-27.0000,133.0000,2020,13,8.690948276965324,4.309051723034676
CHN,35.0000,105.0000,IND,20.0000,77.0000,2020,10,8.108875692470868,1.8911243075291324
CHN,35.0000,105.0000,MLI,17.0000,-4.0000,2020,8,8.018030206626463,0.01803020662646304
CHN,35.0000,105.0000,NZL,-41.0000,174.0000,2020,4,3.628810655846599,0.3711893441534011
ARE,24.0000,54.0000,CAN,60.0000,-95.0000,2016,1,0.8798710479350405,0.12012895206495955
GEO,42.0000,43.5000,USA,38.0000,-97.0000,2013,1,1.161923216827205,0.1619232168272049
BLR,53.0000,28.0000,CHN,35.0000,105.0000,2017,1,1.175226188607593,0.17522618860759298
VNM,16.0000,106.0000,AFG,33.0000,65.0000,2017,1,2.6460044556413935,1.6460044556413935
USA,38.0000,-97.0000,KAZ,48.0000,68.0000,2014,1,0.7942549441632316,0.2057450558367684
GEO,42.0000,43.5000,USA,38.0000,-97.0000,2020,1,3.782038725583651,2.782038725583651
JPN,36.0000,138.0000,DEU,51.0000,9.0000,2020,1,2.6410160311636144,1.6410160311636144
JPN,36.0000,138.0000,SAU,25.0000,45.0000,2020,1,2.089010220352262,1.0890102203522618
CHN,35.0000,105.0000,POL,52.0000,20.0000,2007,1,1.823726107622357,0.823726107622357
RUS,60.0000,100.0000,MLI,17.0000,-4.0000,2020,11,13.652691875874275,2.6526918758742752
VNM,16.0000,106.0000,AFG,33.0000,65.0000,2020,1,2.8761866569484407,1.8761866569484407
VNM,16.0000,106.0000,CHN,35.0000,105.0000,2020,3,5.149237891820256,2.149237891820256
VNM,16.0000,106.0000,JPN,36.0000,138.0000,2020,4,2.718406948346209,1.281593051653791
VNM,16.0000,106.0000,KHM,13.0000,105.0000,2020,2,2.3996423356801255,0.3996423356801255
VNM,16.0000,106.0000,AUS,-27.0000,133.0000,2020,1,3.319657017314857,2.319657017314857
VNM,16.0000,106.0000,BEL,50.8333,4.0000,2020,1,1.5634650477239616,0.5634650477239616
VNM,16.0000,106.0000,CAN,60.0000,-95.0000,2020,1,1.126834365689616,0.12683436568961604
VNM,16.0000,106.0000,FIN,64.0000,26.0000,2020,1,0.8787542111398094,0.12124578886019055
VNM,16.0000,106.0000,FRA,46.0000,2.0000,2020,1,3.532835318100068,2.532835318100068
VNM,16.0000,106.0000,GBR,54.0000,-2.0000,2020,1,4.062427141755606,3.062427141755606
VNM,16.0000,106.0000,IDN,-5.0000,120.0000,2020,1,0.9936926057125177,0.006307394287482282
VNM,16.0000,106.0000,IND,20.0000,77.0000,2020,1,2.8930022133961497,1.8930022133961497
VNM,16.0000,106.0000,IRL,53.0000,-8.0000,2020,1,1.7765052015056204,0.7765052015056204
VNM,16.0000,106.0000,JPN,36.0000,138.0000,2020,4,2.718406948346209,1.281593051653791
VNM,16.0000,106.0000,MYS,2.5000,112.5000,2020,1,1.334724489010573,0.33472448901057295
VNM,16.0000,106.0000,NOR,62.0000,10.0000,2020,1,0.7146997578070629,0.28530024219293715
VNM,16.0000,106.0000,NZL,-41.0000,174.0000,2020,1,1.165877867109443,0.16587786710944297
VNM,16.0000,106.0000,PHL,13.0000,122.0000,2020,2,2.55976785634525,0.5597678563452502
VNM,16.0000,106.0000,POL,52.0000,20.0000,2020,1,1.959439080529381,0.9594390805293811
VNM,16.0000,106.0000,SGP,1.3667,103.8000,2020,1,1.586687628852257,0.5866876288522569
VNM,16.0000,106.0000,SWE,62.0000,15.0000,2020,1,1.0323434957648105,0.03234349576481055
VNM,16.0000,106.0000,THA,15.0000,100.0000,2020,2,3.5650920722738526,1.5650920722738526
VNM,16.0000,106.0000,TUR,39.0000,35.0000,2020,1,2.1138052777228205,1.1138052777228205
VNM,16.0000,106.0000,USA,38.0000,-97.0000,2020,1,3.5563759262367025,2.5563759262367025
VNM,16.0000,106.0000,ZAF,-29.0000,24.0000,2020,1,3.3513553168494417,2.3513553168494417
RUS,60.0000,100.0000,ARE,24.0000,54.0000,2019,3,1.8660546998666687,1.1339453001333313
CHN,35.0000,105.0000,PHL,13.0000,122.0000,2017,6,5.815330013796832,0.18466998620316843
CHN,35.0000,105.0000,AUS,-27.0000,133.0000,2009,1,3.809134780007814,2.809134780007814
PAK,30.0000,70.0000,USA,38.0000,-97.0000,2018,2,1.6262370258078391,0.37376297419216087
USA,38.0000,-97.0000,AUS,-27.0000,133.0000,2020,2,3.109264617788291,1.1092646177882912
USA,38.0000,-97.0000,EST,59.0000,26.0000,2020,2,2.9514705000894295,0.9514705000894295
USA,38.0000,-97.0000,FRA,46.0000,2.0000,2020,2,3.6564407528753606,1.6564407528753606
USA,38.0000,-97.0000,IND,20.0000,77.0000,2020,2,3.936218123216077,1.9362181232160771
USA,38.0000,-97.0000,ISR,31.5000,34.7500,2020,2,4.252768518522478,2.252768518522478
USA,38.0000,-97.0000,ITA,42.8333,12.8333,2020,2,3.7104873509538017,1.7104873509538017
USA,38.0000,-97.0000,JPN,36.0000,138.0000,2020,5,3.944180036725734,1.0558199632742662
CHN,35.0000,105.0000,FIN,64.0000,26.0000,2020,7,2.5414531492380545,4.4585468507619455
CHN,35.0000,105.0000,NOR,62.0000,10.0000,2020,6,4.929710393455836,1.070289606544164
CHN,35.0000,105.0000,POL,52.0000,20.0000,2020,8,4.01813135356325,3.98186864643675
CHN,35.0000,105.0000,RUS,60.0000,100.0000,2020,2,1.3843489466186574,0.6156510533813426
RUS,60.0000,100.0000,ARM,40.0000,45.0000,2018,1,0.8726083090102126,0.12739169098978742
RUS,60.0000,100.0000,CHE,47.0000,8.0000,2015,1,1.2256381378718837,0.2256381378718837
ARE,24.0000,54.0000,CHN,35.0000,105.0000,2016,1,0.8548860546008363,0.14511394539916367
MEA,35.8333,14.5833,IND,20.0000,77.0000,2020,1,0.7823375257278151,0.21766247427218488
MEA,35.8333,14.5833,PAK,30.0000,70.0000,2020,1,4.960810891686013,3.9608108916860134
RUS,60.0000,100.0000,EST,59.0000,26.0000,2020,16,9.591903250776085,6.408096749223915
RUS,60.0000,100.0000,JPN,36.0000,138.0000,2020,25,25.01082280006755,0.010822800067550986
RUS,60.0000,100.0000,CHN,35.0000,105.0000,2020,6,6.77867409798369,0.7786740979836901
CHN,35.0000,105.0000,DEU,51.0000,9.0000,2009,1,4.397404016270171,3.397404016270171
RUS,60.0000,100.0000,AUS,-27.0000,133.0000,2020,19,20.76888336407981,1.7688833640798087
RUS,60.0000,100.0000,BEL,50.8333,4.0000,2020,4,3.97658646633581,0.023413533664189856
RUS,60.0000,100.0000,CAN,60.0000,-95.0000,2020,5,8.542875514259308,3.5428755142593076
RUS,60.0000,100.0000,FIN,64.0000,26.0000,2020,4,4.216308961770778,0.2163089617707783
RUS,60.0000,100.0000,FRA,46.0000,2.0000,2020,17,16.186167971702112,0.8138320282978881
RUS,60.0000,100.0000,GBR,54.0000,-2.0000,2020,20,15.4047889764384,4.5952110235616
CHN,35.0000,105.0000,IRQ,33.0000,44.0000,2014,3,1.5148434189101696,1.4851565810898304
RUS,60.0000,100.0000,IDN,-5.0000,120.0000,2020,3,4.364077516088922,1.3640775160889218
RUS,60.0000,100.0000,IND,20.0000,77.0000,2020,18,11.534351212277528,6.465648787722472
RUS,60.0000,100.0000,IRL,53.0000,-8.0000,2020,3,4.925121960293966,1.925121960293966
RUS,60.0000,100.0000,JPN,36.0000,138.0000,2020,25,25.01082280006755,0.010822800067550986
RUS,60.0000,100.0000,MYS,2.5000,112.5000,2020,3,6.11343151557556,3.1134315155755603
RUS,60.0000,100.0000,NOR,62.0000,10.0000,2020,3,5.918295874255583,2.918295874255583
RUS,60.0000,100.0000,NZL,-41.0000,174.0000,2020,4,6.904337098631615,2.904337098631615
RUS,60.0000,100.0000,OMN,21.0000,57.0000,2020,3,2.5535479475005984,0.44645205249940156
RUS,60.0000,100.0000,PHL,13.0000,122.0000,2020,4,4.279077355380554,0.27907735538055434
RUS,60.0000,100.0000,POL,52.0000,20.0000,2020,4,5.7152156652324155,1.7152156652324155
RUS,60.0000,100.0000,SGP,1.3667,103.8000,2020,6,10.461579374932398,4.461579374932398
RUS,60.0000,100.0000,SWE,62.0000,15.0000,2020,3,6.5053186966455465,3.5053186966455465
RUS,60.0000,100.0000,THA,15.0000,100.0000,2020,3,4.313471235554392,1.3134712355543918
RUS,60.0000,100.0000,TUR,39.0000,35.0000,2020,4,4.767017322136808,0.767017322136808
RUS,60.0000,100.0000,ZAF,-29.0000,24.0000,2020,4,5.772299737486642,1.7722997374866418
VNM,16.0000,106.0000,BRA,-10.0000,-55.0000,2015,1,0.7286172562155464,0.2713827437844536
CHN,35.0000,105.0000,AFG,33.0000,65.0000,2019,2,4.629470841869186,2.6294708418691863
CHN,35.0000,105.0000,BGD,24.0000,90.0000,2019,2,2.1176001323477536,0.11760013234775357
CHN,35.0000,105.0000,CYP,35.0000,33.0000,2019,2,2.0312110364437244,0.03121103644372436
IRN,32.0000,53.0000,GRC,39.0000,22.0000,2020,2,1.3605363277046463,0.6394636722953537
IRN,32.0000,53.0000,OMN,21.0000,57.0000,2020,2,1.7620202376166096,0.23797976238339036
PRK,37.0000,127.5000,JPN,36.0000,138.0000,2020,5,7.0426492844266155,2.0426492844266155
USA,38.0000,-97.0000,JPN,36.0000,138.0000,2013,1,1.4560578349583837,0.4560578349583837
RUS,60.0000,100.0000,MEX,23.0000,-102.0000,2020,4,5.803436383678532,1.803436383678532
AZE,40.5000,47.5000,ARM,40.0000,45.0000,2017,1,3.5775224131387633,2.5775224131387633
USA,38.0000,-97.0000,SWE,62.0000,15.0000,2014,1,0.8677885986960261,0.1322114013039739
CHN,35.0000,105.0000,EST,59.0000,26.0000,2009,1,1.3825241804255892,0.3825241804255892
RUS,60.0000,100.0000,GEO,42.0000,43.5000,2020,4,7.813107842025858,3.8131078420258584
RUS,60.0000,100.0000,MEX,23.0000,-102.0000,2020,4,5.803436383678532,1.803436383678532
SYR,35.0000,38.0000,AUS,-27.0000,133.0000,2015,4,0.9863476943513279,3.013652305648672
MEA,35.8333,14.5833,PAK,30.0000,70.0000,2017,1,5.976477455420927,4.976477455420927
RUS,60.0000,100.0000,AUS,-27.0000,133.0000,2020,19,20.76888336407981,1.7688833640798087
PAK,30.0000,70.0000,DEU,51.0000,9.0000,2017,1,3.749300304756731,2.749300304756731
RUS,60.0000,100.0000,DEU,51.0000,9.0000,2020,16,15.864354036490596,0.13564596350940406
RUS,60.0000,100.0000,ESP,40.0000,-4.0000,2020,15,15.008171155717005,0.008171155717004552
RUS,60.0000,100.0000,EST,59.0000,26.0000,2020,16,9.591903250776085,6.408096749223915
RUS,60.0000,100.0000,FRA,46.0000,2.0000,2020,17,16.186167971702112,0.8138320282978881
RUS,60.0000,100.0000,GBR,54.0000,-2.0000,2020,20,15.4047889764384,4.5952110235616
RUS,60.0000,100.0000,GEO,42.0000,43.5000,2020,4,7.813107842025858,3.8131078420258584
RUS,60.0000,100.0000,IND,20.0000,77.0000,2020,18,11.534351212277528,6.465648787722472
RUS,60.0000,100.0000,ITA,42.8333,12.8333,2020,15,13.71748356816052,1.2825164318394808
RUS,60.0000,100.0000,JPN,36.0000,138.0000,2020,25,25.01082280006755,0.010822800067550986
RUS,60.0000,100.0000,TUR,39.0000,35.0000,2020,4,4.767017322136808,0.767017322136808
BLR,53.0000,28.0000,GBR,54.0000,-2.0000,2017,1,1.997173369848781,0.997173369848781
RUS,60.0000,100.0000,IND,20.0000,77.0000,2020,18,11.534351212277528,6.465648787722472
RUS,60.0000,100.0000,TUR,39.0000,35.0000,2015,1,1.995999286724099,0.995999286724099
PAK,30.0000,70.0000,AFG,33.0000,65.0000,2019,1,2.1835927366238304,1.1835927366238304
CHN,35.0000,105.0000,FRA,46.0000,2.0000,2009,1,4.103269398138993,3.103269398138993
RUS,60.0000,100.0000,DEU,51.0000,9.0000,2020,16,15.864354036490596,0.13564596350940406
BRA,-10.0000,-55.0000,USA,38.0000,-97.0000,2016,1,0.8726817582553386,0.12731824174466144
VNM,16.0000,106.0000,CAN,60.0000,-95.0000,2015,1,0.8085686472162941,0.19143135278370593
SAU,25.0000,45.0000,AUS,-27.0000,133.0000,2020,2,2.69267447266294,0.6926744726629401
SAU,25.0000,45.0000,DEU,51.0000,9.0000,2020,2,2.106822849652749,0.1068228496527488
SAU,25.0000,45.0000,ESP,40.0000,-4.0000,2020,2,1.471303037049747,0.5286969629502529
SAU,25.0000,45.0000,FRA,46.0000,2.0000,2020,2,1.6455822653063477,0.35441773469365234
SAU,25.0000,45.0000,GBR,54.0000,-2.0000,2020,2,1.9667429167233283,0.03325708327667165
SAU,25.0000,45.0000,IND,20.0000,77.0000,2020,2,2.014504049917643,0.01450404991764298
SAU,25.0000,45.0000,ISR,31.5000,34.7500,2020,2,2.5100975485425527,0.5100975485425527
SAU,25.0000,45.0000,ITA,42.8333,12.8333,2020,2,1.7874936056367554,0.2125063943632446
SAU,25.0000,45.0000,JPN,36.0000,138.0000,2020,2,1.8656483858782158,0.1343516141217842
PRK,37.0000,127.5000,CAN,60.0000,-95.0000,2013,1,1.3825241804255892,0.3825241804255892
SAU,25.0000,45.0000,USA,38.0000,-97.0000,2020,3,4.2903936832856395,1.2903936832856395
BLR,53.0000,28.0000,ITA,42.8333,12.8333,2017,1,1.1476194553553496,0.1476194553553496
RUS,60.0000,100.0000,MLI,17.0000,-4.0000,2020,11,13.652691875874275,2.6526918758742752
IRN,32.0000,53.0000,CAN,60.0000,-95.0000,2017,1,3.0700494522485964,2.0700494522485964
CHN,35.0000,105.0000,DEU,51.0000,9.0000,2020,8,9.511552337559332,1.5115523375593316
CHN,35.0000,105.0000,NER,16.0000,8.0000,2020,2,5.487678298218951,3.4876782982189507
CHN,35.0000,105.0000,NGA,10.0000,8.0000,2020,2,4.244647375113628,2.2446473751136278
CHN,35.0000,105.0000,USA,38.0000,-97.0000,2020,13,14.10872275094993,1.10872275094993
PAK,30.0000,70.0000,IND,20.0000,77.0000,2020,5,9.898387166540017,4.898387166540017
PAK,30.0000,70.0000,KAZ,48.0000,68.0000,2020,1,0.9593213236548586,0.04067867634514144
PAK,30.0000,70.0000,MLI,17.0000,-4.0000,2020,2,2.3254137166186144,0.3254137166186144
PAK,30.0000,70.0000,SAU,25.0000,45.0000,2020,2,2.0202860781507272,0.02028607815072725
TUR,39.0000,35.0000,AUS,-27.0000,133.0000,2018,1,1.2269163133228007,0.2269163133228007
CHN,35.0000,105.0000,IDN,-5.0000,120.0000,2020,4,2.4004663800052466,1.5995336199947534
CHN,35.0000,105.0000,THA,15.0000,100.0000,2012,1,3.30802073320707,2.30802073320707
RUS,60.0000,100.0000,AUS,-27.0000,133.0000,2020,19,20.76888336407981,1.7688833640798087
RUS,60.0000,100.0000,DEU,51.0000,9.0000,2020,16,15.864354036490596,0.13564596350940406
RUS,60.0000,100.0000,ESP,40.0000,-4.0000,2020,15,15.008171155717005,0.008171155717004552
RUS,60.0000,100.0000,EST,59.0000,26.0000,2020,16,9.591903250776085,6.408096749223915
RUS,60.0000,100.0000,FRA,46.0000,2.0000,2020,17,16.186167971702112,0.8138320282978881
RUS,60.0000,100.0000,GBR,54.0000,-2.0000,2020,20,15.4047889764384,4.5952110235616
RUS,60.0000,100.0000,IND,20.0000,77.0000,2020,18,11.534351212277528,6.465648787722472
RUS,60.0000,100.0000,ISR,31.5000,34.7500,2020,13,10.407028515464312,2.5929714845356884
RUS,60.0000,100.0000,ITA,42.8333,12.8333,2020,15,13.71748356816052,1.2825164318394808
RUS,60.0000,100.0000,JPN,36.0000,138.0000,2020,25,25.01082280006755,0.010822800067550986
TUR,39.0000,35.0000,CAN,60.0000,-95.0000,2018,1,1.5325239727336486,0.5325239727336486
TUR,39.0000,35.0000,CHN,35.0000,105.0000,2018,1,0.5292879866554987,0.4707120133445013
RUS,60.0000,100.0000,IRL,53.0000,-8.0000,2014,1,3.6129914054963272,2.6129914054963272
USA,38.0000,-97.0000,YEM,15.0000,48.0000,2013,1,0.8677885986960261,0.1322114013039739
IRN,32.0000,53.0000,AUS,-27.0000,133.0000,2020,3,6.028378872707165,3.028378872707165
IRN,32.0000,53.0000,DEU,51.0000,9.0000,2020,3,3.249357402676218,0.24935740267621798
IRN,32.0000,53.0000,ESP,40.0000,-4.0000,2020,2,3.04050815682302,1.04050815682302
IRN,32.0000,53.0000,EST,59.0000,26.0000,2020,1,2.341330022409249,1.3413300224092488
IRN,32.0000,53.0000,FRA,46.0000,2.0000,2020,2,3.3524460983827407,1.3524460983827407
IRN,32.0000,53.0000,GBR,54.0000,-2.0000,2020,5,4.393898943238192,0.6061010567618084
IRN,32.0000,53.0000,IND,20.0000,77.0000,2020,1,2.016567873734469,1.016567873734469
IRN,32.0000,53.0000,ISR,31.5000,34.7500,2020,5,7.029852601024136,2.0298526010241362
IRN,32.0000,53.0000,ITA,42.8333,12.8333,2020,2,3.0320448954169645,1.0320448954169645
IRN,32.0000,53.0000,JPN,36.0000,138.0000,2020,4,8.590683099004785,4.590683099004785
RUS,60.0000,100.0000,AZE,40.5000,47.5000,2020,2,1.746358739976709,0.2536412600232909
RUS,60.0000,100.0000,BEL,50.8333,4.0000,2020,4,3.97658646633581,0.023413533664189856
RUS,60.0000,100.0000,DEU,51.0000,9.0000,2020,16,15.864354036490596,0.13564596350940406
RUS,60.0000,100.0000,FRA,46.0000,2.0000,2020,17,16.186167971702112,0.8138320282978881
RUS,60.0000,100.0000,NGA,10.0000,8.0000,2020,2,0.8009173239250398,1.1990826760749602
TUR,39.0000,35.0000,DEU,51.0000,9.0000,2018,1,2.3146093711781965,1.3146093711781965
RUS,60.0000,100.0000,SOM,10.0000,49.0000,2020,1,1.1573785118401485,0.1573785118401485
RUS,60.0000,100.0000,SAU,25.0000,45.0000,2019,2,2.23126342189871,0.23126342189870996
SAU,25.0000,45.0000,AUS,-27.0000,133.0000,2017,1,3.609120823108703,2.609120823108703
ARE,24.0000,54.0000,SAU,25.0000,45.0000,2019,1,2.519722067854291,1.5197220678542909
TUR,39.0000,35.0000,EGY,27.0000,30.0000,2018,2,0.9089218184084986,1.0910781815915014
CHN,35.0000,105.0000,ALB,41.0000,20.0000,2018,2,0.9045727854619159,1.0954272145380841
ARE,24.0000,54.0000,THA,15.0000,100.0000,2019,1,1.7202218293771345,0.7202218293771345
ARE,24.0000,54.0000,QAT,25.5000,51.2500,2016,1,0.84039115591011,0.15960884408988996
CHN,35.0000,105.0000,MLI,17.0000,-4.0000,2020,8,8.018030206626463,0.01803020662646304
RUS,60.0000,100.0000,JPN,36.0000,138.0000,2020,25,25.01082280006755,0.010822800067550986
CHN,35.0000,105.0000,MNG,46.0000,105.0000,2020,7,7.077167442636872,0.07716744263687225
RUS,60.0000,100.0000,AUS,-27.0000,133.0000,2020,19,20.76888336407981,1.7688833640798087
RUS,60.0000,100.0000,DEU,51.0000,9.0000,2020,16,15.864354036490596,0.13564596350940406
RUS,60.0000,100.0000,ESP,40.0000,-4.0000,2020,15,15.008171155717005,0.008171155717004552
RUS,60.0000,100.0000,EST,59.0000,26.0000,2020,16,9.591903250776085,6.408096749223915
RUS,60.0000,100.0000,FRA,46.0000,2.0000,2020,17,16.186167971702112,0.8138320282978881
RUS,60.0000,100.0000,GBR,54.0000,-2.0000,2020,20,15.4047889764384,4.5952110235616
RUS,60.0000,100.0000,IND,20.0000,77.0000,2020,18,11.534351212277528,6.465648787722472
RUS,60.0000,100.0000,ISR,31.5000,34.7500,2020,13,10.407028515464312,2.5929714845356884
RUS,60.0000,100.0000,ITA,42.8333,12.8333,2020,15,13.71748356816052,1.2825164318394808
SYR,35.0000,38.0000,FRA,46.0000,2.0000,2015,2,0.8822898783389244,1.1177101216610756
RUS,60.0000,100.0000,JPN,36.0000,138.0000,2020,25,25.01082280006755,0.010822800067550986
TUR,39.0000,35.0000,FRA,46.0000,2.0000,2018,1,1.1313131976749728,0.13131319767497285
RUS,60.0000,100.0000,GBR,54.0000,-2.0000,2020,20,15.4047889764384,4.5952110235616
RUS,60.0000,100.0000,MEX,23.0000,-102.0000,2020,4,5.803436383678532,1.803436383678532
IRN,32.0000,53.0000,GBR,54.0000,-2.0000,2020,5,4.393898943238192,0.6061010567618084
IRN,32.0000,53.0000,SAU,25.0000,45.0000,2020,1,6.500289526462603,5.500289526462603
CHN,35.0000,105.0000,AFG,33.0000,65.0000,2020,3,3.3044761172451125,0.3044761172451125
CHN,35.0000,105.0000,JPN,36.0000,138.0000,2020,15,18.8479164676482,3.8479164676482007
CHN,35.0000,105.0000,AUS,-27.0000,133.0000,2020,13,8.690948276965324,4.309051723034676
CHN,35.0000,105.0000,BEL,50.8333,4.0000,2020,4,4.65889301896574,0.65889301896574
CHN,35.0000,105.0000,CAN,60.0000,-95.0000,2020,5,5.575337147328838,0.5753371473288382
CHN,35.0000,105.0000,FIN,64.0000,26.0000,2020,7,2.5414531492380545,4.4585468507619455
CHN,35.0000,105.0000,FRA,46.0000,2.0000,2020,10,9.113484677057635,0.8865153229423655
CHN,35.0000,105.0000,GBR,54.0000,-2.0000,2020,9,6.765830200594168,2.234169799405832
CHN,35.0000,105.0000,IDN,-5.0000,120.0000,2020,4,2.4004663800052466,1.5995336199947534
CHN,35.0000,105.0000,IND,20.0000,77.0000,2020,10,8.108875692470868,1.8911243075291324
CHN,35.0000,105.0000,IRL,53.0000,-8.0000,2020,4,3.0325300843411447,0.9674699156588553
IRN,32.0000,53.0000,DEU,51.0000,9.0000,2020,3,3.249357402676218,0.24935740267621798
IND,20.0000,77.0000,BGD,24.0000,90.0000,2020,2,2.6579931352703436,0.6579931352703436
CHN,35.0000,105.0000,JPN,36.0000,138.0000,2020,15,18.8479164676482,3.8479164676482007
IND,20.0000,77.0000,JPN,36.0000,138.0000,2020,2,1.355913864938878,0.644086135061122
CHN,35.0000,105.0000,MYS,2.5000,112.5000,2020,7,3.85969627717443,3.14030372282557
IND,20.0000,77.0000,MDV,3.2500,73.0000,2020,2,2.23624648461975,0.23624648461975006
CHN,35.0000,105.0000,NOR,62.0000,10.0000,2020,6,4.929710393455836,1.070289606544164
IND,20.0000,77.0000,PAK,30.0000,70.0000,2020,2,2.8446657100502253,0.8446657100502253
CHN,35.0000,105.0000,NZL,-41.0000,174.0000,2020,4,3.628810655846599,0.3711893441534011
CHN,35.0000,105.0000,PHL,13.0000,122.0000,2020,7,4.77642789808028,2.2235721019197197
CHN,35.0000,105.0000,POL,52.0000,20.0000,2020,8,4.01813135356325,3.98186864643675
CHN,35.0000,105.0000,SGP,1.3667,103.8000,2020,5,1.2528871433411446,3.7471128566588554
CHN,35.0000,105.0000,SWE,62.0000,15.0000,2020,5,4.286633582349951,0.7133664176500494
CHN,35.0000,105.0000,THA,15.0000,100.0000,2020,4,4.249841596185242,0.2498415961852416
CHN,35.0000,105.0000,TUR,39.0000,35.0000,2020,5,4.687938607380103,0.3120613926198974
CHN,35.0000,105.0000,USA,38.0000,-97.0000,2020,13,14.10872275094993,1.10872275094993
CHN,35.0000,105.0000,ZAF,-29.0000,24.0000,2020,3,2.3365687218768825,0.6634312781231175
CHN,35.0000,105.0000,ITA,42.8333,12.8333,2020,8,7.782069401991485,0.21793059800851466
CHN,35.0000,105.0000,MNG,46.0000,105.0000,2020,7,7.077167442636872,0.07716744263687225
CHN,35.0000,105.0000,USA,38.0000,-97.0000,2020,13,14.10872275094993,1.10872275094993
RUS,60.0000,100.0000,MLI,17.0000,-4.0000,2020,11,13.652691875874275,2.6526918758742752
RUS,60.0000,100.0000,MLI,17.0000,-4.0000,2020,11,13.652691875874275,2.6526918758742752
CHN,35.0000,105.0000,AUS,-27.0000,133.0000,2020,13,8.690948276965324,4.309051723034676
CHN,35.0000,105.0000,BEL,50.8333,4.0000,2020,4,4.65889301896574,0.65889301896574
CHN,35.0000,105.0000,CAN,60.0000,-95.0000,2020,5,5.575337147328838,0.5753371473288382
CHN,35.0000,105.0000,FIN,64.0000,26.0000,2020,7,2.5414531492380545,4.4585468507619455
CHN,35.0000,105.0000,FRA,46.0000,2.0000,2020,10,9.113484677057635,0.8865153229423655
CHN,35.0000,105.0000,GBR,54.0000,-2.0000,2020,9,6.765830200594168,2.234169799405832
CHN,35.0000,105.0000,IDN,-5.0000,120.0000,2020,4,2.4004663800052466,1.5995336199947534
CHN,35.0000,105.0000,IND,20.0000,77.0000,2020,10,8.108875692470868,1.8911243075291324
CHN,35.0000,105.0000,IRL,53.0000,-8.0000,2020,4,3.0325300843411447,0.9674699156588553
CHN,35.0000,105.0000,JPN,36.0000,138.0000,2020,15,18.8479164676482,3.8479164676482007
CHN,35.0000,105.0000,MYS,2.5000,112.5000,2020,7,3.85969627717443,3.14030372282557
CHN,35.0000,105.0000,NOR,62.0000,10.0000,2020,6,4.929710393455836,1.070289606544164
CHN,35.0000,105.0000,NZL,-41.0000,174.0000,2020,4,3.628810655846599,0.3711893441534011
CHN,35.0000,105.0000,PHL,13.0000,122.0000,2020,7,4.77642789808028,2.2235721019197197
CHN,35.0000,105.0000,POL,52.0000,20.0000,2020,8,4.01813135356325,3.98186864643675
CHN,35.0000,105.0000,SGP,1.3667,103.8000,2020,5,1.2528871433411446,3.7471128566588554
CHN,35.0000,105.0000,SWE,62.0000,15.0000,2020,5,4.286633582349951,0.7133664176500494
CHN,35.0000,105.0000,THA,15.0000,100.0000,2020,4,4.249841596185242,0.2498415961852416
CHN,35.0000,105.0000,TUR,39.0000,35.0000,2020,5,4.687938607380103,0.3120613926198974
CHN,35.0000,105.0000,USA,38.0000,-97.0000,2020,13,14.10872275094993,1.10872275094993
CHN,35.0000,105.0000,ZAF,-29.0000,24.0000,2020,3,2.3365687218768825,0.6634312781231175
RUS,60.0000,100.0000,LVA,57.0000,25.0000,2017,2,3.6921458688376485,1.6921458688376485
RUS,60.0000,100.0000,AUS,-27.0000,133.0000,2020,19,20.76888336407981,1.7688833640798087
RUS,60.0000,100.0000,DEU,51.0000,9.0000,2020,16,15.864354036490596,0.13564596350940406
RUS,60.0000,100.0000,ESP,40.0000,-4.0000,2020,15,15.008171155717005,0.008171155717004552
RUS,60.0000,100.0000,EST,59.0000,26.0000,2020,16,9.591903250776085,6.408096749223915
RUS,60.0000,100.0000,FRA,46.0000,2.0000,2020,17,16.186167971702112,0.8138320282978881
PRK,37.0000,127.5000,ZAF,-29.0000,24.0000,2020,2,-0.2710108029023388,2.271010802902339
KOR,37.0000,127.5000,ARE,24.0000,54.0000,2010,1,0.7942549441632316,0.2057450558367684
RUS,60.0000,100.0000,GBR,54.0000,-2.0000,2020,20,15.4047889764384,4.5952110235616
RUS,60.0000,100.0000,IND,20.0000,77.0000,2020,18,11.534351212277528,6.465648787722472
RUS,60.0000,100.0000,ISR,31.5000,34.7500,2020,13,10.407028515464312,2.5929714845356884
RUS,60.0000,100.0000,ITA,42.8333,12.8333,2020,15,13.71748356816052,1.2825164318394808
RUS,60.0000,100.0000,JPN,36.0000,138.0000,2020,25,25.01082280006755,0.010822800067550986
KOR,37.0000,127.5000,CHN,35.0000,105.0000,2020,2,-0.022420578571321848,2.022420578571322
KOR,37.0000,127.5000,JPN,36.0000,138.0000,2020,1,0.595016855072668,0.404983144927332
IRN,32.0000,53.0000,JPN,36.0000,138.0000,2020,4,8.590683099004785,4.590683099004785
RUS,60.0000,100.0000,FIN,64.0000,26.0000,2020,4,4.216308961770778,0.2163089617707783
RUS,60.0000,100.0000,CHN,35.0000,105.0000,2020,6,6.77867409798369,0.7786740979836901
IRN,32.0000,53.0000,ISR,31.5000,34.7500,2020,5,7.029852601024136,2.0298526010241362
RUS,60.0000,100.0000,ECU,-2.0000,-77.5000,2020,2,2.6900717465349224,0.6900717465349224
PAK,30.0000,70.0000,IND,20.0000,77.0000,2020,5,9.898387166540017,4.898387166540017
TUR,39.0000,35.0000,ISR,31.5000,34.7500,2018,1,0.7408248093962886,0.2591751906037114
BLR,53.0000,28.0000,USA,38.0000,-97.0000,2017,1,1.4450750774282763,0.44507507742827634
KAZ,48.0000,68.0000,USA,38.0000,-97.0000,2019,1,1.4019486639510719,0.40194866395107187
GBR,54.0000,-2.0000,AUS,-27.0000,133.0000,2009,1,0.8677885986960261,0.1322114013039739
RUS,60.0000,100.0000,ZAF,-29.0000,24.0000,2019,5,2.3500955208975025,2.6499044791024975
PAK,30.0000,70.0000,AUS,-27.0000,133.0000,2019,5,1.7056692885396671,3.294330711460333
RUS,60.0000,100.0000,AUS,-27.0000,133.0000,2020,19,20.76888336407981,1.7688833640798087
PAK,30.0000,70.0000,AUS,-27.0000,133.0000,2019,5,1.7056692885396671,3.294330711460333
RUS,60.0000,100.0000,BRA,-10.0000,-55.0000,2020,2,2.559150091266649,0.5591500912666492
RUS,60.0000,100.0000,SGP,1.3667,103.8000,2020,6,10.461579374932398,4.461579374932398
RUS,60.0000,100.0000,CHL,-30.0000,-71.0000,2020,3,0.9149054437846802,2.08509455621532
RUS,60.0000,100.0000,MLI,17.0000,-4.0000,2020,11,13.652691875874275,2.6526918758742752
RUS,60.0000,100.0000,AUS,-27.0000,133.0000,2020,19,20.76888336407981,1.7688833640798087
RUS,60.0000,100.0000,CAN,60.0000,-95.0000,2020,5,8.542875514259308,3.5428755142593076
RUS,60.0000,100.0000,DEU,51.0000,9.0000,2020,16,15.864354036490596,0.13564596350940406
RUS,60.0000,100.0000,ESP,40.0000,-4.0000,2020,15,15.008171155717005,0.008171155717004552
PAK,30.0000,70.0000,AFG,33.0000,65.0000,2020,1,2.8781661631096336,1.8781661631096336
RUS,60.0000,100.0000,EST,59.0000,26.0000,2020,16,9.591903250776085,6.408096749223915
PAK,30.0000,70.0000,BGD,24.0000,90.0000,2020,1,2.6168075897863514,1.6168075897863514
RUS,60.0000,100.0000,FRA,46.0000,2.0000,2020,17,16.186167971702112,0.8138320282978881
PAK,30.0000,70.0000,CHN,35.0000,105.0000,2020,1,2.4227550329688112,1.4227550329688112
RUS,60.0000,100.0000,GBR,54.0000,-2.0000,2020,20,15.393865395837484,4.606134604162516
RUS,60.0000,100.0000,TJK,39.0000,71.0000,2014,2,1.7638139880183816,0.23618601198161837
PAK,30.0000,70.0000,CYP,35.0000,33.0000,2020,1,2.2454222301020774,1.2454222301020774
RUS,60.0000,100.0000,HRV,45.1667,15.5000,2020,3,3.1154730932169965,0.1154730932169965
RUS,60.0000,100.0000,IND,20.0000,77.0000,2020,18,11.534351212277528,6.465648787722472
PAK,30.0000,70.0000,IND,20.0000,77.0000,2020,5,9.898387166540017,4.898387166540017
RUS,60.0000,100.0000,ISR,31.5000,34.7500,2020,13,10.407028515464312,2.5929714845356884
PAK,30.0000,70.0000,JPN,36.0000,138.0000,2020,1,5.722317230124532,4.722317230124532
RUS,60.0000,100.0000,ITA,42.8333,12.8333,2020,15,13.71748356816052,1.2825164318394808
PAK,30.0000,70.0000,KHM,13.0000,105.0000,2020,1,1.388531090403152,0.38853109040315204
RUS,60.0000,100.0000,JPN,36.0000,138.0000,2020,25,25.01082280006755,0.010822800067550986
PAK,30.0000,70.0000,MNG,46.0000,105.0000,2020,1,1.7770908819027147,0.7770908819027147
TUR,39.0000,35.0000,ITA,42.8333,12.8333,2018,2,1.2685629257351572,0.7314370742648428
PAK,30.0000,70.0000,MYS,2.5000,112.5000,2020,1,1.354799847316106,0.35479984731610603
PAK,30.0000,70.0000,PHL,13.0000,122.0000,2020,1,2.0765299819481022,1.0765299819481022
PAK,30.0000,70.0000,POL,52.0000,20.0000,2020,1,0.8119760278700792,0.18802397212992084
PAK,30.0000,70.0000,SAU,25.0000,45.0000,2020,2,2.0202860781507272,0.02028607815072725
PAK,30.0000,70.0000,SGP,1.3667,103.8000,2020,1,1.3591101216729786,0.3591101216729786
PAK,30.0000,70.0000,TUR,39.0000,35.0000,2020,1,1.2337037399000321,0.23370373990003213
PAK,30.0000,70.0000,UKR,49.0000,32.0000,2020,1,1.5550632996431162,0.5550632996431162
CHN,35.0000,105.0000,GTM,15.5000,-90.2500,2018,2,0.529904118967421,1.470095881032579
CHN,35.0000,105.0000,MLI,17.0000,-4.0000,2020,8,8.018030206626463,0.01803020662646304
CHN,35.0000,105.0000,MNG,46.0000,105.0000,2020,7,7.077167442636872,0.07716744263687225
TUR,39.0000,35.0000,QAT,25.5000,51.2500,2018,1,1.2209901707545416,0.22099017075454164
SYR,35.0000,38.0000,IND,20.0000,77.0000,2015,1,0.7794570292770668,0.22054297072293316
PRK,37.0000,127.5000,NGA,10.0000,8.0000,2020,1,1.006479677777806,0.006479677777806003
PRK,37.0000,127.5000,SGP,1.3667,103.8000,2020,2,2.2719375206661554,0.2719375206661554
TUR,39.0000,35.0000,SAU,25.0000,45.0000,2018,1,1.4406823893977734,0.4406823893977734
KOR,37.0000,127.5000,BEL,50.8333,4.0000,2010,1,0.7942549441632316,0.2057450558367684
RUS,60.0000,100.0000,CHN,35.0000,105.0000,2020,6,6.77867409798369,0.7786740979836901
GBR,54.0000,-2.0000,IRL,53.0000,-8.0000,2009,1,0.7942549441632316,0.2057450558367684
TUR,39.0000,35.0000,SWE,62.0000,15.0000,2018,1,2.044793627709659,1.0447936277096588
ARE,24.0000,54.0000,USA,38.0000,-97.0000,2016,1,0.8814722127540753,0.11852778724592472
PRK,37.0000,127.5000,ISR,31.5000,34.7500,2020,4,4.674275456281366,0.6742754562813662
CHN,35.0000,105.0000,MLI,17.0000,-4.0000,2020,8,8.018030206626463,0.01803020662646304
CHN,35.0000,105.0000,THA,15.0000,100.0000,2020,4,4.249841596185242,0.2498415961852416
TUR,39.0000,35.0000,TKM,40.0000,60.0000,2018,1,1.1464639808370807,0.14646398083708068
PRK,37.0000,127.5000,IND,20.0000,77.0000,2020,5,4.797795938273209,0.20220406172679084
PRK,37.0000,127.5000,ITA,42.8333,12.8333,2020,4,4.125957802614023,0.1259578026140229
PRK,37.0000,127.5000,USA,38.0000,-97.0000,2020,10,10.116093636744264,0.11609363674426376
USA,38.0000,-97.0000,PAK,30.0000,70.0000,2017,1,2.3917399083268833,1.3917399083268833
CHN,35.0000,105.0000,AUS,-27.0000,133.0000,2020,13,8.690920279443171,4.309079720556829
CHN,35.0000,105.0000,DEU,51.0000,9.0000,2020,8,9.511552337559332,1.5115523375593316
CHN,35.0000,105.0000,ESP,40.0000,-4.0000,2020,6,5.828425970529216,0.1715740294707837
CHN,35.0000,105.0000,FRA,46.0000,2.0000,2020,10,9.113484677057635,0.8865153229423655
CHN,35.0000,105.0000,GBR,54.0000,-2.0000,2020,9,6.7658362564494885,2.2341637435505115
CHN,35.0000,105.0000,ITA,42.8333,12.8333,2020,8,7.782069401991485,0.21793059800851466
CHN,35.0000,105.0000,JPN,36.0000,138.0000,2020,15,18.84898375691421,3.8489837569142082
CHN,35.0000,105.0000,MMR,22.0000,98.0000,2020,3,2.0026256815704766,0.9973743184295234
CHN,35.0000,105.0000,USA,38.0000,-97.0000,2020,13,13.905045686755313,0.9050456867553134
TUR,39.0000,35.0000,BEL,50.8333,4.0000,2019,1,0.6490574987271156,0.3509425012728844
PRK,37.0000,127.5000,AUS,-27.0000,133.0000,2020,4,7.270781975696762,3.270781975696762
PRK,37.0000,127.5000,IND,20.0000,77.0000,2020,5,4.797795938273209,0.20220406172679084
PRK,37.0000,127.5000,ISR,31.5000,34.7500,2020,4,4.674275456281366,0.6742754562813662
PRK,37.0000,127.5000,ITA,42.8333,12.8333,2020,4,4.125957802614023,0.1259578026140229
PRK,37.0000,127.5000,USA,38.0000,-97.0000,2020,10,10.116093636744264,0.11609363674426376
SYR,35.0000,38.0000,CHN,35.0000,105.0000,2015,1,0.6888409375347955,0.31115906246520453
RUS,60.0000,100.0000,AUS,-27.0000,133.0000,2020,19,20.76888336407981,1.7688833640798087
RUS,60.0000,100.0000,DEU,51.0000,9.0000,2020,16,15.864354036490596,0.13564596350940406
RUS,60.0000,100.0000,ESP,40.0000,-4.0000,2020,15,15.008171155717005,0.008171155717004552
RUS,60.0000,100.0000,EST,59.0000,26.0000,2020,16,9.591903250776085,6.408096749223915
RUS,60.0000,100.0000,FRA,46.0000,2.0000,2020,17,16.186167971702112,0.8138320282978881
RUS,60.0000,100.0000,GBR,54.0000,-2.0000,2020,20,15.393865395837484,4.606134604162516
RUS,60.0000,100.0000,IND,20.0000,77.0000,2020,18,11.534351212277528,6.465648787722472
RUS,60.0000,100.0000,ISR,31.5000,34.7500,2020,13,10.407028515464312,2.5929714845356884
RUS,60.0000,100.0000,ITA,42.8333,12.8333,2020,15,13.71748356816052,1.2825164318394808
RUS,60.0000,100.0000,JPN,36.0000,138.0000,2020,25,25.01082280006755,0.010822800067550986
RUS,60.0000,100.0000,AUS,-27.0000,133.0000,2020,19,20.76888336407981,1.7688833640798087
RUS,60.0000,100.0000,DEU,51.0000,9.0000,2020,16,15.864354036490596,0.13564596350940406
RUS,60.0000,100.0000,ESP,40.0000,-4.0000,2020,15,15.008171155717005,0.008171155717004552
RUS,60.0000,100.0000,EST,59.0000,26.0000,2020,16,9.591903250776085,6.408096749223915
RUS,60.0000,100.0000,FRA,46.0000,2.0000,2020,17,16.186167971702112,0.8138320282978881
RUS,60.0000,100.0000,GBR,54.0000,-2.0000,2020,20,15.393865395837484,4.606134604162516
RUS,60.0000,100.0000,IND,20.0000,77.0000,2020,18,11.534351212277528,6.465648787722472
RUS,60.0000,100.0000,ISR,31.5000,34.7500,2020,13,10.407028515464312,2.5929714845356884
RUS,60.0000,100.0000,ITA,42.8333,12.8333,2020,15,13.71748356816052,1.2825164318394808
RUS,60.0000,100.0000,JPN,36.0000,138.0000,2020,25,25.01082280006755,0.010822800067550986
CHN,35.0000,105.0000,AUS,-27.0000,133.0000,2020,13,8.690920279443171,4.309079720556829
CHN,35.0000,105.0000,BEL,50.8333,4.0000,2020,4,4.65889301896574,0.65889301896574
CHN,35.0000,105.0000,CHE,47.0000,8.0000,2020,4,5.501123154332832,1.5011231543328316
CHN,35.0000,105.0000,DEU,51.0000,9.0000,2020,8,9.511552337559332,1.5115523375593316
CHN,35.0000,105.0000,ESP,40.0000,-4.0000,2020,6,5.828425970529216,0.1715740294707837
CHN,35.0000,105.0000,EST,59.0000,26.0000,2020,3,4.05964893371061,1.0596489337106103
CHN,35.0000,105.0000,FRA,46.0000,2.0000,2020,10,9.113484677057635,0.8865153229423655
CHN,35.0000,105.0000,GBR,54.0000,-2.0000,2020,9,6.7658362564494885,2.2341637435505115
CHN,35.0000,105.0000,IND,20.0000,77.0000,2020,10,8.108875692470868,1.8911243075291324
CHN,35.0000,105.0000,ISR,31.5000,34.7500,2020,3,4.061197767459408,1.061197767459408
RUS,60.0000,100.0000,ECU,-2.0000,-77.5000,2017,2,1.8021863884398002,0.19781361156019983
CHN,35.0000,105.0000,ITA,42.8333,12.8333,2020,8,7.782069401991485,0.21793059800851466
CHN,35.0000,105.0000,JPN,36.0000,138.0000,2020,15,18.84898375691421,3.8489837569142082
CHN,35.0000,105.0000,KHM,13.0000,105.0000,2020,2,3.1690733312094315,1.1690733312094315
CHN,35.0000,105.0000,MYS,2.5000,112.5000,2020,7,3.85969627717443,3.14030372282557
CHN,35.0000,105.0000,NOR,62.0000,10.0000,2020,6,4.929710393455836,1.070289606544164
CHN,35.0000,105.0000,PHL,13.0000,122.0000,2020,7,4.77642789808028,2.2235721019197197
CHN,35.0000,105.0000,SAU,25.0000,45.0000,2020,4,5.209174120564532,1.2091741205645317
CHN,35.0000,105.0000,USA,38.0000,-97.0000,2020,13,13.905045686755313,0.9050456867553134
GBR,54.0000,-2.0000,TUR,39.0000,35.0000,2009,1,0.7942549441632316,0.2057450558367684
IRN,32.0000,53.0000,LBN,33.8333,35.8333,2020,1,2.6143006523535073,1.6143006523535073
IRN,32.0000,53.0000,MLI,17.0000,-4.0000,2020,2,2.336704411199463,0.33670441119946304
RUS,60.0000,100.0000,FRA,46.0000,2.0000,2015,3,6.976601756812062,3.9766017568120624
KOR,37.0000,127.5000,CHN,35.0000,105.0000,2010,2,1.5295914894911782,0.4704085105088218
CHN,35.0000,105.0000,MLI,17.0000,-4.0000,2020,8,8.018030206626463,0.01803020662646304
CHN,35.0000,105.0000,USA,38.0000,-97.0000,2020,13,13.905045686755313,0.9050456867553134
RUS,60.0000,100.0000,FRA,46.0000,2.0000,2019,15,14.39059868024373,0.6094013197562695
CHN,35.0000,105.0000,DEU,51.0000,9.0000,2020,8,9.511552337559332,1.5115523375593316
CHN,35.0000,105.0000,DNK,56.0000,10.0000,2020,5,2.5026333897351214,2.4973666102648786
CHN,35.0000,105.0000,ESP,40.0000,-4.0000,2020,6,5.828425970529216,0.1715740294707837
CHN,35.0000,105.0000,FRA,46.0000,2.0000,2020,10,9.113484677057635,0.8865153229423655
CHN,35.0000,105.0000,GBR,54.0000,-2.0000,2020,9,6.7658362564494885,2.2341637435505115
CHN,35.0000,105.0000,IND,20.0000,77.0000,2020,10,8.108875692470868,1.8911243075291324
PRK,37.0000,127.5000,ARE,24.0000,54.0000,2020,2,-0.434475955941636,2.434475955941636
PRK,37.0000,127.5000,CHN,35.0000,105.0000,2020,3,4.957559941924297,1.9575599419242966
PRK,37.0000,127.5000,JPN,36.0000,138.0000,2020,5,7.0426492844266155,2.0426492844266155
PRK,37.0000,127.5000,PAK,30.0000,70.0000,2020,2,2.296785725307202,0.29678572530720215
PRK,37.0000,127.5000,RUS,60.0000,100.0000,2020,2,2.9363825834547566,0.9363825834547566
PRK,37.0000,127.5000,UKR,49.0000,32.0000,2020,2,3.3156492967406286,1.3156492967406286
PRK,37.0000,127.5000,USA,38.0000,-97.0000,2020,10,10.116093636744264,0.11609363674426376
PAK,30.0000,70.0000,IND,20.0000,77.0000,2020,5,9.898387166540017,4.898387166540017
KOR,37.0000,127.5000,CHN,35.0000,105.0000,2020,2,-0.022420578571321848,2.022420578571322
PAK,30.0000,70.0000,MLI,17.0000,-4.0000,2020,2,2.3254137166186144,0.3254137166186144
KOR,37.0000,127.5000,ITA,42.8333,12.8333,2020,1,1.5520960396854404,0.5520960396854404
PRK,37.0000,127.5000,ARE,24.0000,54.0000,2020,2,-0.434475955941636,2.434475955941636
KOR,37.0000,127.5000,MNG,46.0000,105.0000,2020,1,0.3633476301412353,0.6366523698587647
PRK,37.0000,127.5000,CHN,35.0000,105.0000,2020,3,4.957559941924297,1.9575599419242966
PRK,37.0000,127.5000,JPN,36.0000,138.0000,2020,5,7.0426492844266155,2.0426492844266155
KOR,37.0000,127.5000,USA,38.0000,-97.0000,2020,1,1.6314521698542492,0.6314521698542492
PRK,37.0000,127.5000,PAK,30.0000,70.0000,2020,2,2.296785725307202,0.29678572530720215
PRK,37.0000,127.5000,RUS,60.0000,100.0000,2020,2,2.9363825834547566,0.9363825834547566
RUS,60.0000,100.0000,ARG,-34.0000,-64.0000,2020,3,1.170168565045656,1.829831434954344
RUS,60.0000,100.0000,AUS,-27.0000,133.0000,2020,19,20.76888336407981,1.7688833640798087
PRK,37.0000,127.5000,UKR,49.0000,32.0000,2020,2,3.3156492967406286,1.3156492967406286
RUS,60.0000,100.0000,DEU,51.0000,9.0000,2020,16,15.864354036490596,0.13564596350940406
PRK,37.0000,127.5000,USA,38.0000,-97.0000,2020,10,10.116093636744264,0.11609363674426376
RUS,60.0000,100.0000,ESP,40.0000,-4.0000,2020,15,15.008171155717005,0.008171155717004552
RUS,60.0000,100.0000,EST,59.0000,26.0000,2020,16,9.591903250776085,6.408096749223915
RUS,60.0000,100.0000,GBR,54.0000,-2.0000,2020,20,15.393865395837484,4.606134604162516
RUS,60.0000,100.0000,FRA,46.0000,2.0000,2020,17,16.186167971702112,0.8138320282978881
RUS,60.0000,100.0000,GBR,54.0000,-2.0000,2020,20,15.393865395837484,4.606134604162516
RUS,60.0000,100.0000,IND,20.0000,77.0000,2020,18,11.534351212277528,6.465648787722472
RUS,60.0000,100.0000,ISR,31.5000,34.7500,2020,13,10.407028515464312,2.5929714845356884
RUS,60.0000,100.0000,ITA,42.8333,12.8333,2020,15,13.71748356816052,1.2825164318394808
RUS,60.0000,100.0000,FRA,46.0000,2.0000,2015,3,6.976601756812062,3.9766017568120624
RUS,60.0000,100.0000,JPN,36.0000,138.0000,2020,25,25.01082280006755,0.010822800067550986
RUS,60.0000,100.0000,LKA,7.0000,81.0000,2020,2,1.8800329908507463,0.11996700914925373
GBR,54.0000,-2.0000,ZAF,-29.0000,24.0000,2009,1,0.7942549441632316,0.2057450558367684
CHN,35.0000,105.0000,ARM,40.0000,45.0000,2020,2,2.0021349343521386,0.002134934352138629
CHN,35.0000,105.0000,AZE,40.5000,47.5000,2020,2,1.7352607411310084,0.26473925886899163
CHN,35.0000,105.0000,MNG,46.0000,105.0000,2020,7,7.077167442636872,0.07716744263687225
CHN,35.0000,105.0000,MYS,2.5000,112.5000,2020,7,3.85969627717443,3.14030372282557
CHN,35.0000,105.0000,NPL,28.0000,84.0000,2020,2,1.4060344445523887,0.5939655554476113
CHN,35.0000,105.0000,PHL,13.0000,122.0000,2020,7,4.77642789808028,2.2235721019197197
TUR,39.0000,35.0000,USA,38.0000,-97.0000,2018,1,1.9037310160826069,0.9037310160826069
SYR,35.0000,38.0000,CAN,60.0000,-95.0000,2015,2,0.7906282264132702,1.2093717735867298
PRK,37.0000,127.5000,AUS,-27.0000,133.0000,2020,4,7.270781975696762,3.270781975696762
PRK,37.0000,127.5000,FIN,64.0000,26.0000,2020,1,1.7399938249722284,0.7399938249722284
PRK,37.0000,127.5000,IND,20.0000,77.0000,2020,5,4.797795938273209,0.20220406172679084
PRK,37.0000,127.5000,ISR,31.5000,34.7500,2020,4,4.674275456281366,0.6742754562813662
PRK,37.0000,127.5000,ITA,42.8333,12.8333,2020,4,4.125957802614023,0.1259578026140229
PRK,37.0000,127.5000,USA,38.0000,-97.0000,2020,10,10.116093636744264,0.11609363674426376
PRK,37.0000,127.5000,AUS,-27.0000,133.0000,2020,4,7.270781975696762,3.270781975696762
PRK,37.0000,127.5000,CHN,35.0000,105.0000,2020,3,4.957559941924297,1.9575599419242966
PRK,37.0000,127.5000,DEU,51.0000,9.0000,2020,1,4.0006096592055185,3.0006096592055185
PRK,37.0000,127.5000,ESP,40.0000,-4.0000,2020,1,3.6804958432897488,2.6804958432897488
PRK,37.0000,127.5000,FRA,46.0000,2.0000,2020,1,4.673683147877277,3.673683147877277
PRK,37.0000,127.5000,GBR,54.0000,-2.0000,2020,2,7.4244958745552125,5.4244958745552125
PRK,37.0000,127.5000,IND,20.0000,77.0000,2020,5,4.797795938273209,0.20220406172679084
PRK,37.0000,127.5000,ISR,31.5000,34.7500,2020,4,4.674275456281366,0.6742754562813662
PRK,37.0000,127.5000,ITA,42.8333,12.8333,2020,4,4.125957802614023,0.1259578026140229
PRK,37.0000,127.5000,JPN,36.0000,138.0000,2020,5,7.0426492844266155,2.0426492844266155
PRK,37.0000,127.5000,PER,-10.0000,-76.0000,2020,1,0.8064362627422685,0.19356373725773146
PRK,37.0000,127.5000,USA,38.0000,-97.0000,2020,10,10.116093636744264,0.11609363674426376
PRK,37.0000,127.5000,ZAF,-29.0000,24.0000,2020,2,-0.2710108029023388,2.271010802902339
IRN,32.0000,53.0000,ISR,31.5000,34.7500,2012,1,3.8227563149366333,2.8227563149366333
RUS,60.0000,100.0000,BRA,-10.0000,-55.0000,2020,2,2.559150091266649,0.5591500912666492
RUS,60.0000,100.0000,POL,52.0000,20.0000,2020,4,5.7152156652324155,1.7152156652324155
RUS,60.0000,100.0000,ARG,-34.0000,-64.0000,2020,3,1.170168565045656,1.829831434954344
RUS,60.0000,100.0000,ESP,40.0000,-4.0000,2020,15,15.008171155717005,0.008171155717004552
PRK,37.0000,127.5000,AUS,-27.0000,133.0000,2020,4,7.270781975696762,3.270781975696762
PRK,37.0000,127.5000,IND,20.0000,77.0000,2020,5,4.797795938273209,0.20220406172679084
PRK,37.0000,127.5000,GBR,54.0000,-2.0000,2020,2,7.4244958745552125,5.4244958745552125
PRK,37.0000,127.5000,JPN,36.0000,138.0000,2020,5,7.0426492844266155,2.0426492844266155
PRK,37.0000,127.5000,SGP,1.3667,103.8000,2020,2,2.2719375206661554,0.2719375206661554
KOR,37.0000,127.5000,DEU,51.0000,9.0000,2010,1,1.014855907761616,0.014855907761615939
CHN,35.0000,105.0000,AFG,33.0000,65.0000,2020,3,3.3044761172451125,0.3044761172451125
CHN,35.0000,105.0000,JPN,36.0000,138.0000,2020,15,18.84898375691421,3.8489837569142082
RUS,60.0000,100.0000,CUB,21.5000,-80.0000,2020,1,3.8708417386331053,2.8708417386331053
RUS,60.0000,100.0000,IND,20.0000,77.0000,2015,2,4.708391434532275,2.708391434532275
SYR,35.0000,38.0000,USA,38.0000,-97.0000,2015,1,0.8275939780780552,0.17240602192194476
PRK,37.0000,127.5000,AUS,-27.0000,133.0000,2009,1,2.2649280348191247,1.2649280348191247
RUS,60.0000,100.0000,AUS,-27.0000,133.0000,2020,19,20.76888336407981,1.7688833640798087
RUS,60.0000,100.0000,DEU,51.0000,9.0000,2020,16,15.864354036490596,0.13564596350940406
RUS,60.0000,100.0000,ESP,40.0000,-4.0000,2020,15,15.008171155717005,0.008171155717004552
RUS,60.0000,100.0000,EST,59.0000,26.0000,2020,16,9.591903250776085,6.408096749223915
RUS,60.0000,100.0000,FRA,46.0000,2.0000,2020,17,16.186167971702112,0.8138320282978881
RUS,60.0000,100.0000,GBR,54.0000,-2.0000,2020,20,15.393865395837484,4.606134604162516
SAU,25.0000,45.0000,GBR,54.0000,-2.0000,2016,1,1.046355508181752,0.04635550818175194
RUS,60.0000,100.0000,IND,20.0000,77.0000,2020,18,11.534351212277528,6.465648787722472
RUS,60.0000,100.0000,NZL,-41.0000,174.0000,2020,4,6.904337098631615,2.904337098631615
RUS,60.0000,100.0000,ISR,31.5000,34.7500,2020,13,10.407028515464312,2.5929714845356884
RUS,60.0000,100.0000,ITA,42.8333,12.8333,2020,15,13.71748356816052,1.2825164318394808
RUS,60.0000,100.0000,JPN,36.0000,138.0000,2020,25,25.01082280006755,0.010822800067550986
RUS,60.0000,100.0000,CAN,60.0000,-95.0000,2020,5,8.542875514259308,3.5428755142593076
IRN,32.0000,53.0000,AUS,-27.0000,133.0000,2020,3,6.028378872707165,3.028378872707165
IRN,32.0000,53.0000,DEU,51.0000,9.0000,2020,3,3.249357402676218,0.24935740267621798
IRN,32.0000,53.0000,ESP,40.0000,-4.0000,2020,2,3.04050815682302,1.04050815682302
IRN,32.0000,53.0000,FRA,46.0000,2.0000,2020,2,3.3524460983827407,1.3524460983827407
IRN,32.0000,53.0000,GBR,54.0000,-2.0000,2020,5,4.393898943238192,0.6061010567618084
IRN,32.0000,53.0000,ISR,31.5000,34.7500,2020,5,7.029852601024136,2.0298526010241362
IRN,32.0000,53.0000,ITA,42.8333,12.8333,2020,2,3.0320448954169645,1.0320448954169645
IRN,32.0000,53.0000,JPN,36.0000,138.0000,2020,4,8.590683099004785,4.590683099004785
CHN,35.0000,105.0000,AFG,33.0000,65.0000,2011,1,1.4560578349583837,0.4560578349583837
CHN,35.0000,105.0000,ZAF,-29.0000,24.0000,2017,2,2.3853124654422952,0.38531246544229525
PRK,37.0000,127.5000,CHN,35.0000,105.0000,2009,1,2.117860725753536,1.1178607257535358
IRN,32.0000,53.0000,CHN,35.0000,105.0000,2011,1,1.5295914894911782,0.5295914894911782
RUS,60.0000,100.0000,GEO,42.0000,43.5000,2020,4,7.813107842025858,3.8131078420258584
RUS,60.0000,100.0000,AUS,-27.0000,133.0000,2020,19,20.76888336407981,1.7688833640798087
RUS,60.0000,100.0000,DEU,51.0000,9.0000,2020,16,15.864354036490596,0.13564596350940406
RUS,60.0000,100.0000,ESP,40.0000,-4.0000,2020,15,15.008171155717005,0.008171155717004552
RUS,60.0000,100.0000,EST,59.0000,26.0000,2020,16,9.591903250776085,6.408096749223915
RUS,60.0000,100.0000,FRA,46.0000,2.0000,2020,17,16.186167971702112,0.8138320282978881
RUS,60.0000,100.0000,GBR,54.0000,-2.0000,2020,20,15.393865395837484,4.606134604162516
RUS,60.0000,100.0000,IND,20.0000,77.0000,2020,18,11.534351212277528,6.465648787722472
RUS,60.0000,100.0000,ISR,31.5000,34.7500,2020,13,10.407028515464312,2.5929714845356884
RUS,60.0000,100.0000,ITA,42.8333,12.8333,2020,15,13.71748356816052,1.2825164318394808
RUS,60.0000,100.0000,JPN,36.0000,138.0000,2020,25,25.01082280006755,0.010822800067550986
IRN,32.0000,53.0000,ISR,31.5000,34.7500,2020,5,7.029852601024136,2.0298526010241362
CHN,35.0000,105.0000,MLI,17.0000,-4.0000,2020,8,8.018030206626463,0.01803020662646304
CHN,35.0000,105.0000,MNG,46.0000,105.0000,2020,7,7.077167442636872,0.07716744263687225
RUS,60.0000,100.0000,AUS,-27.0000,133.0000,2020,19,20.76888336407981,1.7688833640798087
RUS,60.0000,100.0000,DEU,51.0000,9.0000,2020,16,15.864354036490596,0.13564596350940406
RUS,60.0000,100.0000,ESP,40.0000,-4.0000,2020,15,15.008171155717005,0.008171155717004552
RUS,60.0000,100.0000,EST,59.0000,26.0000,2020,16,9.591903250776085,6.408096749223915
RUS,60.0000,100.0000,FRA,46.0000,2.0000,2020,17,16.186167971702112,0.8138320282978881
RUS,60.0000,100.0000,GBR,54.0000,-2.0000,2020,20,15.393865395837484,4.606134604162516
RUS,60.0000,100.0000,IND,20.0000,77.0000,2020,18,11.534351212277528,6.465648787722472
RUS,60.0000,100.0000,ISR,31.5000,34.7500,2020,13,10.407028515464312,2.5929714845356884
RUS,60.0000,100.0000,ITA,42.8333,12.8333,2020,15,13.71748356816052,1.2825164318394808
RUS,60.0000,100.0000,JPN,36.0000,138.0000,2020,25,25.01082280006755,0.010822800067550986
TUR,39.0000,35.0000,AFG,33.0000,65.0000,2020,1,2.2604011873395815,1.2604011873395815
TUR,39.0000,35.0000,BGD,24.0000,90.0000,2020,1,2.588297816916488,1.588297816916488
TUR,39.0000,35.0000,CHN,35.0000,105.0000,2020,1,1.6094882161348396,0.6094882161348396
TUR,39.0000,35.0000,CYP,35.0000,33.0000,2020,1,2.9796730556880813,1.9796730556880813
TUR,39.0000,35.0000,IND,20.0000,77.0000,2020,1,1.3563715933059735,0.35637159330597346
TUR,39.0000,35.0000,JPN,36.0000,138.0000,2020,1,1.82531367835485,0.82531367835485
TUR,39.0000,35.0000,KHM,13.0000,105.0000,2020,1,2.0084462259168543,1.0084462259168543
TUR,39.0000,35.0000,MNG,46.0000,105.0000,2020,1,2.1045523085920395,1.1045523085920395
CHN,35.0000,105.0000,AUS,-27.0000,133.0000,2020,13,8.690920279443171,4.309079720556829
TUR,39.0000,35.0000,MYS,2.5000,112.5000,2020,1,1.4940948586731633,0.4940948586731633
TUR,39.0000,35.0000,PAK,30.0000,70.0000,2020,1,1.737034607866284,0.7370346078662839
TUR,39.0000,35.0000,PHL,13.0000,122.0000,2020,1,1.765809406942144,0.7658094069421439
TUR,39.0000,35.0000,POL,52.0000,20.0000,2020,1,1.8217779856449168,0.8217779856449168
TUR,39.0000,35.0000,SAU,25.0000,45.0000,2020,1,3.469425577869239,2.469425577869239
TUR,39.0000,35.0000,SGP,1.3667,103.8000,2020,1,1.436780418596146,0.4367804185961459
TUR,39.0000,35.0000,UKR,49.0000,32.0000,2020,1,1.8510788809551482,0.8510788809551482
RUS,60.0000,100.0000,AUS,-27.0000,133.0000,2020,19,20.76888336407981,1.7688833640798087
RUS,60.0000,100.0000,DEU,51.0000,9.0000,2020,16,15.864354036490596,0.13564596350940406
RUS,60.0000,100.0000,ESP,40.0000,-4.0000,2020,15,15.008171155717005,0.008171155717004552
RUS,60.0000,100.0000,EST,59.0000,26.0000,2020,16,9.591903250776085,6.408096749223915
RUS,60.0000,100.0000,FRA,46.0000,2.0000,2020,17,16.186167971702112,0.8138320282978881
RUS,60.0000,100.0000,GBR,54.0000,-2.0000,2020,20,15.393865395837484,4.606134604162516
RUS,60.0000,100.0000,IND,20.0000,77.0000,2020,18,11.534351212277528,6.465648787722472
RUS,60.0000,100.0000,ISR,31.5000,34.7500,2020,13,10.407028515464312,2.5929714845356884
RUS,60.0000,100.0000,ITA,42.8333,12.8333,2020,15,13.71748356816052,1.2825164318394808
RUS,60.0000,100.0000,JPN,36.0000,138.0000,2020,25,25.01082280006755,0.010822800067550986
PRK,37.0000,127.5000,BGR,43.0000,25.0000,2013,1,0.8677885986960261,0.1322114013039739
RUS,60.0000,100.0000,CHL,-30.0000,-71.0000,2020,3,0.9149054437846802,2.08509455621532
RUS,60.0000,100.0000,IND,20.0000,77.0000,2020,18,11.534351212277528,6.465648787722472
RUS,60.0000,100.0000,MLI,17.0000,-4.0000,2020,11,13.652691875874275,2.6526918758742752
PAK,30.0000,70.0000,IND,20.0000,77.0000,2020,5,9.898387166540017,4.898387166540017
RUS,60.0000,100.0000,ITA,42.8333,12.8333,2020,15,13.71748356816052,1.2825164318394808
RUS,60.0000,100.0000,AUS,-27.0000,133.0000,2020,19,20.76888336407981,1.7688833640798087
RUS,60.0000,100.0000,DEU,51.0000,9.0000,2020,16,15.864354036490596,0.13564596350940406
RUS,60.0000,100.0000,ESP,40.0000,-4.0000,2020,15,15.008171155717005,0.008171155717004552
RUS,60.0000,100.0000,EST,59.0000,26.0000,2020,16,9.591903250776085,6.408096749223915
RUS,60.0000,100.0000,FRA,46.0000,2.0000,2020,17,16.186167971702112,0.8138320282978881
RUS,60.0000,100.0000,GBR,54.0000,-2.0000,2020,20,15.393865395837484,4.606134604162516
RUS,60.0000,100.0000,HRV,45.1667,15.5000,2020,3,3.1154730932169965,0.1154730932169965
RUS,60.0000,100.0000,IND,20.0000,77.0000,2020,18,11.534351212277528,6.465648787722472
RUS,60.0000,100.0000,ISR,31.5000,34.7500,2020,13,10.407028515464312,2.5929714845356884
RUS,60.0000,100.0000,ITA,42.8333,12.8333,2020,15,13.71748356816052,1.2825164318394808
RUS,60.0000,100.0000,JPN,36.0000,138.0000,2020,25,25.01082280006755,0.010822800067550986
SAU,25.0000,45.0000,AUS,-27.0000,133.0000,2020,2,2.69267447266294,0.6926744726629401
SAU,25.0000,45.0000,DEU,51.0000,9.0000,2020,2,2.106822849652749,0.1068228496527488
SAU,25.0000,45.0000,ESP,40.0000,-4.0000,2020,2,1.471303037049747,0.5286969629502529
SAU,25.0000,45.0000,FRA,46.0000,2.0000,2020,2,1.6455822653063477,0.35441773469365234
SAU,25.0000,45.0000,GBR,54.0000,-2.0000,2020,2,1.9667429167233283,0.03325708327667165
SAU,25.0000,45.0000,IND,20.0000,77.0000,2020,2,2.014504049917643,0.01450404991764298
SAU,25.0000,45.0000,ISR,31.5000,34.7500,2020,2,2.5100975485425527,0.5100975485425527
SAU,25.0000,45.0000,ITA,42.8333,12.8333,2020,2,1.7874936056367554,0.2125063943632446
SAU,25.0000,45.0000,JPN,36.0000,138.0000,2020,2,1.8656483858782158,0.1343516141217842
SAU,25.0000,45.0000,USA,38.0000,-97.0000,2020,3,4.2903936832856395,1.2903936832856395
USA,38.0000,-97.0000,SOM,10.0000,49.0000,2017,1,2.614397777080434,1.614397777080434
RUS,60.0000,100.0000,AFG,33.0000,65.0000,2008,1,1.8972597621551515,0.8972597621551515
SAU,25.0000,45.0000,CHN,35.0000,105.0000,2017,1,1.639646868860126,0.639646868860126
IRN,32.0000,53.0000,AUS,-27.0000,133.0000,2013,1,1.9707934166879468,0.9707934166879468
IRN,32.0000,53.0000,CUB,21.5000,-80.0000,2011,1,0.7942549441632316,0.2057450558367684
RUS,60.0000,100.0000,CAN,60.0000,-95.0000,2008,1,2.632596307483099,1.632596307483099
USA,38.0000,-97.0000,ARE,24.0000,54.0000,2017,1,1.8437981890102435,0.8437981890102435
KOR,37.0000,127.5000,IDN,-5.0000,120.0000,2010,1,0.7942549441632316,0.2057450558367684
RUS,60.0000,100.0000,IRQ,33.0000,44.0000,2008,1,1.3825241804255892,0.3825241804255892
CHN,35.0000,105.0000,RUS,60.0000,100.0000,2015,3,1.3248411623228247,1.6751588376771753
RUS,60.0000,100.0000,USA,38.0000,-97.0000,2008,1,9.324158869967416,8.324158869967416
IRN,32.0000,53.0000,GRC,39.0000,22.0000,2011,1,0.9413222532288206,0.05867774677117943
KOR,37.0000,127.5000,IND,20.0000,77.0000,2010,1,1.014855907761616,0.014855907761615939
IRN,32.0000,53.0000,IND,20.0000,77.0000,2011,1,1.8972597621551515,0.8972597621551515
KOR,37.0000,127.5000,ITA,42.8333,12.8333,2010,1,0.8677885986960261,0.1322114013039739
KOR,37.0000,127.5000,JPN,36.0000,138.0000,2010,2,1.2354568713599994,0.7645431286400006
KOR,37.0000,127.5000,KAZ,48.0000,68.0000,2010,1,0.7942549441632316,0.2057450558367684
KOR,37.0000,127.5000,MEX,23.0000,-102.0000,2010,1,0.7942549441632316,0.2057450558367684
KOR,37.0000,127.5000,PAK,30.0000,70.0000,2010,1,0.7942549441632316,0.2057450558367684
KOR,37.0000,127.5000,PHL,13.0000,122.0000,2010,1,0.7942549441632316,0.2057450558367684
KOR,37.0000,127.5000,SGP,1.3667,103.8000,2010,1,0.7942549441632316,0.2057450558367684
KOR,37.0000,127.5000,USA,38.0000,-97.0000,2010,1,1.161923216827205,0.1619232168272049
CHN,35.0000,105.0000,TUR,39.0000,35.0000,2020,5,4.687938607380103,0.3120613926198974
CHN,35.0000,105.0000,TUR,39.0000,35.0000,2020,5,4.687938607380103,0.3120613926198974
JPN,36.0000,138.0000,ARE,24.0000,54.0000,2019,1,1.0784522973832438,0.07845229738324377
JPN,36.0000,138.0000,BRA,-10.0000,-55.0000,2019,1,1.355133820405757,0.35513382040575703
JPN,36.0000,138.0000,CAN,60.0000,-95.0000,2019,1,1.3654640197688748,0.36546401976887477
JPN,36.0000,138.0000,CHE,47.0000,8.0000,2019,1,2.0518406329299514,1.0518406329299514
JPN,36.0000,138.0000,CHN,35.0000,105.0000,2019,1,0.9529704449687202,0.04702955503127981
JPN,36.0000,138.0000,DEU,51.0000,9.0000,2019,1,1.4720033675932482,0.47200336759324824
JPN,36.0000,138.0000,FIN,64.0000,26.0000,2019,1,1.293082350322325,0.293082350322325
JPN,36.0000,138.0000,FRA,46.0000,2.0000,2019,1,1.3826228011301085,0.3826228011301085
JPN,36.0000,138.0000,GBR,54.0000,-2.0000,2019,1,1.3960490002662214,0.39604900026622136
JPN,36.0000,138.0000,IND,20.0000,77.0000,2019,1,1.0573848084074138,0.05738480840741378
JPN,36.0000,138.0000,SWE,62.0000,15.0000,2019,1,1.0991370743245454,0.09913707432454544
CHN,35.0000,105.0000,CAN,60.0000,-95.0000,2018,3,2.4823959794349713,0.5176040205650287
CHN,35.0000,105.0000,DEU,51.0000,9.0000,2018,6,6.002809217518285,0.002809217518285223
CHN,35.0000,105.0000,IND,20.0000,77.0000,2018,7,4.843896248957421,2.156103751042579
CHN,35.0000,105.0000,JPN,36.0000,138.0000,2018,17,13.179024305850444,3.8209756941495563
CHN,35.0000,105.0000,PHL,13.0000,122.0000,2018,7,6.493415437078629,0.506584562921371
CHN,35.0000,105.0000,SAU,25.0000,45.0000,2018,4,1.6636753584219939,2.336324641578006
CHN,35.0000,105.0000,USA,38.0000,-97.0000,2018,18,12.656759239246021,5.343240760753979
CHN,35.0000,105.0000,ZAF,-29.0000,24.0000,2018,3,3.1327684561375175,0.13276845613751753
VNM,16.0000,106.0000,KHM,13.0000,105.0000,2018,4,3.0943135591078668,0.9056864408921332
PRK,37.0000,127.5000,USA,38.0000,-97.0000,2017,9,7.3579092432902105,1.6420907567097895
CHN,35.0000,105.0000,AUS,-27.0000,133.0000,2018,5,9.158162618724726,4.158162618724726
CHN,35.0000,105.0000,DEU,51.0000,9.0000,2018,6,6.002809217518285,0.002809217518285223
CHN,35.0000,105.0000,ESP,40.0000,-4.0000,2018,2,3.7062365365273466,1.7062365365273466
CHN,35.0000,105.0000,FRA,46.0000,2.0000,2018,3,10.870522087266192,7.870522087266192
CHN,35.0000,105.0000,GBR,54.0000,-2.0000,2018,6,5.835524943578915,0.16447505642108506
CHN,35.0000,105.0000,IND,20.0000,77.0000,2018,7,4.843896248957421,2.156103751042579
CHN,35.0000,105.0000,ISR,31.5000,34.7500,2018,2,2.6964126675564053,0.6964126675564053
CHN,35.0000,105.0000,ITA,42.8333,12.8333,2018,3,4.006590371884053,1.0065903718840534
CHN,35.0000,105.0000,JPN,36.0000,138.0000,2018,17,13.179024305850444,3.8209756941495563
CHN,35.0000,105.0000,KAZ,48.0000,68.0000,2018,2,1.2339689877656523,0.7660310122343477
CHN,35.0000,105.0000,MNG,46.0000,105.0000,2018,5,4.110778497094097,0.8892215029059027
CHN,35.0000,105.0000,PHL,13.0000,122.0000,2018,7,6.493415437078629,0.506584562921371
CHN,35.0000,105.0000,POL,52.0000,20.0000,2018,2,2.424698622057587,0.424698622057587
CHN,35.0000,105.0000,TJK,39.0000,71.0000,2018,4,1.3500706818063328,2.649929318193667
CHN,35.0000,105.0000,TUR,39.0000,35.0000,2018,3,1.502833875695421,1.497166124304579
CHN,35.0000,105.0000,USA,38.0000,-97.0000,2018,18,12.656759239246021,5.343240760753979
CHN,35.0000,105.0000,UZB,41.0000,64.0000,2018,2,1.0917659416119765,0.9082340583880235
RUS,60.0000,100.0000,MLI,17.0000,-4.0000,2018,10,14.07074475859009,4.07074475859009
CHN,35.0000,105.0000,FRA,46.0000,2.0000,2011,1,3.9534166083026614,2.9534166083026614
CHN,35.0000,105.0000,ISR,31.5000,34.7500,2011,1,1.6766587985567671,0.6766587985567671
CHN,35.0000,105.0000,USA,38.0000,-97.0000,2011,4,6.891977308843708,2.8919773088437077
CHN,35.0000,105.0000,IND,20.0000,77.0000,2016,11,8.895954013159336,2.1040459868406636
CHN,35.0000,105.0000,JPN,36.0000,138.0000,2016,12,17.911811250801772,5.911811250801772
CHN,35.0000,105.0000,USA,38.0000,-97.0000,2016,5,7.2633640080247766,2.2633640080247766
